fromaccount,toaccount,syscode,timestamp,amount
C68012,1000010,30,2014-09-01 05:41:52,400
B74250,1000010,30,2014-09-01 05:46:43,470
A62092,1000010,30,2014-09-01 05:46:47,800
A60459,1000010,30,2014-09-01 05:46:50,250
D69479,1000010,30,2014-09-01 05:47:46,400
C42674,1000010,30,2014-09-01 05:47:50,400
D29739,1000010,30,2014-09-01 05:47:52,500
D25782,1000010,30,2014-09-01 05:47:53,500
A74995,1000010,30,2014-09-01 05:47:53,450
A37205,1000010,30,2014-09-01 05:47:53,250
A57893,1000010,30,2014-09-01 05:47:54,650
D30085,1000010,30,2014-09-01 05:47:54,400
A79312,1000010,30,2014-09-01 05:47:55,650
C61163,1000010,30,2014-09-01 05:47:56,650
D25782,1000010,30,2014-09-01 05:47:57,500
E75616,1000010,30,2014-09-01 05:47:58,400
D79429,1000010,30,2014-09-01 05:47:59,400
A60459,1000010,30,2014-09-01 05:48:00,150
A69422,1000010,30,2014-09-01 05:48:00,100
B64099,1000010,30,2014-09-01 05:48:04,570
E79248,1000010,30,2014-09-01 05:48:04,400
B45295,1000010,30,2014-09-01 05:48:05,650
C59697,1000010,30,2014-09-01 05:48:53,400
D76095,1000010,30,2014-09-01 05:48:55,250
C76433,1000010,30,2014-09-01 05:48:59,250
B54371,1000010,30,2014-09-01 05:49:00,1000
D24008,1000010,30,2014-09-01 05:49:00,650
A45480,1000010,30,2014-09-01 05:49:00,400
A72197,1000010,30,2014-09-01 05:49:02,300
C72144,1000010,30,2014-09-01 05:49:02,650
D55841,1000010,30,2014-09-01 05:49:05,500
A37888,1000010,30,2014-09-01 05:49:06,400
D24008,1000010,30,2014-09-01 05:49:07,650
B61949,1000010,30,2014-09-01 05:49:07,100
B61949,1000010,30,2014-09-01 05:49:08,650
D58502,1000010,30,2014-09-01 05:49:08,150
B75562,1000010,30,2014-09-01 05:49:10,500
D74067,1000010,30,2014-09-01 05:49:10,400
E62201,1000010,30,2014-09-01 05:49:10,400
C66420,1000010,30,2014-09-01 05:49:10,400
E52848,1000010,30,2014-09-01 05:49:11,650
D76095,1000010,30,2014-09-01 05:49:13,150
C46296,1000010,30,2014-09-01 05:49:13,50
B47675,1000010,30,2014-09-01 05:49:14,250
C46296,1000010,30,2014-09-01 05:49:14,600
A58188,1000010,30,2014-09-01 05:49:14,650
B45749,1000010,30,2014-09-01 05:49:15,400
E72997,1000010,30,2014-09-01 05:49:16,400
B76933,1000010,30,2014-09-01 05:49:16,400
D76770,1000010,30,2014-09-01 05:49:16,400
C40597,1000010,30,2014-09-01 05:49:16,500
B57096,1000010,30,2014-09-01 05:49:16,250
E24594,1000010,30,2014-09-01 05:49:16,650
D77285,1000010,30,2014-09-01 05:49:17,150
E66849,1000010,30,2014-09-01 05:49:19,250
B79342,1000010,30,2014-09-01 05:49:20,100
D73337,1000010,30,2014-09-01 05:49:23,400
D61446,1000010,30,2014-09-01 05:50:12,150
B72473,1000010,30,2014-09-01 05:50:20,400
E70848,1000010,30,2014-09-01 05:50:21,400
D47182,1000010,30,2014-09-01 05:50:22,500
B56802,1000010,30,2014-09-01 05:50:22,250
A65997,1000010,30,2014-09-01 05:50:24,400
B67678,1000010,30,2014-09-01 05:50:25,500
C66517,1000010,30,2014-09-01 05:50:26,400
A35583,1000010,30,2014-09-01 05:50:28,150
D41095,1000010,30,2014-09-01 05:50:29,400
E68764,1000010,30,2014-09-01 05:50:30,250
B79342,1000010,30,2014-09-01 05:50:32,150
E42440,1000010,30,2014-09-01 05:50:32,150
C41948,1000010,30,2014-09-01 05:50:35,150
E42440,1000010,30,2014-09-01 05:50:35,250
D49453,1000010,30,2014-09-01 05:50:35,250
A42406,1000010,30,2014-09-01 05:50:35,400
D52625,1000010,30,2014-09-01 05:50:36,400
D75559,1000010,30,2014-09-01 05:50:37,100
B64151,1000010,30,2014-09-01 05:50:37,250
C41948,1000010,30,2014-09-01 05:50:38,250
A36230,1000010,30,2014-09-01 05:50:39,150
D34566,1000010,30,2014-09-01 05:50:42,250
D72463,1000010,30,2014-09-01 05:50:45,100
B78004,1000010,30,2014-09-01 05:50:47,400
E62515,1000010,30,2014-09-01 05:50:47,250
E77630,1000010,30,2014-09-01 05:50:48,500
C50453,1000010,30,2014-09-01 05:50:49,400
B21090,1000010,30,2014-09-01 05:50:50,500
B71531,1000010,30,2014-09-01 05:50:51,250
B73763,1000010,30,2014-09-01 05:50:51,400
B48634,1000010,30,2014-09-01 05:51:39,250
D28851,1000010,30,2014-09-01 05:51:41,400
D73233,1000010,30,2014-09-01 05:51:48,400
C66197,1000010,30,2014-09-01 05:51:51,400
B71531,1000010,30,2014-09-01 05:51:52,250
E57409,1000010,30,2014-09-01 05:51:52,100
D67452,1000010,30,2014-09-01 05:51:54,400
E78560,1000010,30,2014-09-01 05:51:56,650
B54831,1000010,30,2014-09-01 05:51:57,150
A42957,1000010,30,2014-09-01 05:51:58,400
E57409,1000010,30,2014-09-01 05:51:58,150
C39126,1000010,30,2014-09-01 05:51:59,650
A36071,1000010,30,2014-09-01 05:51:59,250
B79314,1000010,30,2014-09-01 05:52:00,400
C77043,1000010,30,2014-09-01 05:52:00,400
E66228,1000010,30,2014-09-01 05:52:01,400
C52243,1000010,30,2014-09-01 05:52:01,250
B56802,1000010,30,2014-09-01 05:52:02,150
D77367,1000010,30,2014-09-01 05:52:02,250
B40315,1000010,30,2014-09-01 05:52:03,100
B61868,1000010,30,2014-09-01 05:52:05,400
E60188,1000010,30,2014-09-01 05:52:07,300
D75349,1000010,30,2014-09-01 05:52:07,400
C34448,1000010,30,2014-09-01 05:52:09,500
B60367,1000010,30,2014-09-01 05:52:11,300
B65066,1000010,30,2014-09-01 05:52:12,400
A73993,1000010,30,2014-09-01 05:53:01,400
D67570,1000010,30,2014-09-01 05:53:01,250
C75428,1000010,30,2014-09-01 05:53:04,750
A46715,1000010,30,2014-09-01 05:53:04,400
A76898,1000010,30,2014-09-01 05:53:06,500
B34493,1000010,30,2014-09-01 05:53:06,350
A46715,1000010,30,2014-09-01 05:53:07,400
B68208,1000010,30,2014-09-01 05:53:08,400
B73044,1000010,30,2014-09-01 05:53:09,650
D68786,1000010,30,2014-09-01 05:53:10,400
A60516,1000010,30,2014-09-01 05:53:11,400
A36242,1000010,30,2014-09-01 05:53:12,400
A56381,1000010,30,2014-09-01 05:53:12,250
A76898,1000010,30,2014-09-01 05:53:16,150
E66228,1000010,30,2014-09-01 05:53:16,250
A77678,1000010,30,2014-09-01 05:53:19,400
E42921,1000010,30,2014-09-01 05:53:20,400
A72411,1000010,30,2014-09-01 05:53:21,650
C50453,1000010,30,2014-09-01 05:53:21,400
D67595,1000010,30,2014-09-01 05:53:22,250
D53761,1000010,30,2014-09-01 05:53:23,400
D78325,1000010,30,2014-09-01 05:53:24,250
D77460,1000010,30,2014-09-01 05:53:25,250
A76861,1000010,30,2014-09-01 05:53:26,400
E60978,1000010,30,2014-09-01 05:53:28,400
C71340,1000010,30,2014-09-01 05:53:29,400
E77385,1000010,30,2014-09-01 05:53:29,250
A58343,1000010,30,2014-09-01 05:53:32,150
E60978,1000010,30,2014-09-01 05:53:33,50
C63663,1000010,30,2014-09-01 05:53:33,800
C64831,1000010,30,2014-09-01 05:53:36,250
E30824,1000010,30,2014-09-01 05:53:36,650
B53691,1000010,30,2014-09-01 05:53:38,250
B25135,1000010,30,2014-09-01 05:53:38,400
B61868,1000010,30,2014-09-01 05:54:34,400
D21125,1000010,30,2014-09-01 05:54:36,400
A65795,1000010,30,2014-09-01 05:54:36,570
E75775,1000010,30,2014-09-01 05:54:37,100
A49913,1000010,30,2014-09-01 05:54:37,650
B72129,1000010,30,2014-09-01 05:54:38,250
A69211,1000010,30,2014-09-01 05:54:39,250
A77134,1000010,30,2014-09-01 05:54:40,150
A65795,1000010,30,2014-09-01 05:54:41,150
D63289,1000010,30,2014-09-01 05:54:42,350
D46977,1000010,30,2014-09-01 05:54:44,650
B71814,1000010,30,2014-09-01 05:54:44,250
D59503,1000010,30,2014-09-01 05:54:45,170
B71814,1000010,30,2014-09-01 05:54:46,450
E70631,1000010,30,2014-09-01 05:54:47,250
A33452,1000010,30,2014-09-01 05:54:48,500
D73122,1000010,30,2014-09-01 05:55:47,100
D78506,1000010,30,2014-09-01 05:55:47,400
E74575,1000010,30,2014-09-01 05:55:50,250
C77573,1000010,30,2014-09-01 05:55:51,100
C73254,1000010,30,2014-09-01 05:55:53,100
B75748,1000010,30,2014-09-01 05:55:59,650
AB8739,1000010,30,2014-09-01 05:56:07,400
A33651,1000010,30,2014-09-01 05:56:09,50
D54279,1000010,30,2014-09-01 05:56:10,100
D67317,1000010,30,2014-09-01 05:57:02,650
D47613,1000010,30,2014-09-01 05:57:05,100
B65849,1000010,30,2014-09-01 05:57:05,250
D37977,1000010,30,2014-09-01 05:57:05,400
D75527,1000010,30,2014-09-01 05:57:09,500
B65849,1000010,30,2014-09-01 05:57:13,150
B74301,1000010,30,2014-09-01 05:58:11,350
E61391,1000010,30,2014-09-01 05:58:14,400
C50386,1000010,30,2014-09-01 05:58:23,350
D46690,1000010,30,2014-09-01 05:58:23,400
C56666,1000010,30,2014-09-01 05:58:23,400
D61571,1000010,30,2014-09-01 05:58:26,500
D70656,1000010,30,2014-09-01 05:59:17,200
D70656,1000010,30,2014-09-01 05:59:22,150
A73718,1000010,30,2014-09-01 05:59:23,650
D58901,1000010,30,2014-09-01 05:59:23,400
D78893,1000010,30,2014-09-01 06:00:19,150
D70812,1000010,30,2014-09-01 06:00:26,400
E42440,1000010,30,2014-09-01 06:00:27,250
B73208,1000010,30,2014-09-01 06:01:28,250
C30780,1000010,30,2014-09-01 06:02:31,150
D76587,1000010,30,2014-09-01 06:03:25,250
B76492,1000010,30,2014-09-01 06:03:28,250
C22743,1000010,30,2014-09-01 06:03:32,200
B76099,1000010,30,2014-09-01 06:04:29,150
B69795,1000010,30,2014-09-01 06:04:34,50
B76099,1000010,30,2014-09-01 06:04:38,400
B50479,1000010,30,2014-09-01 06:04:39,250
A27022,1000010,30,2014-09-01 06:04:41,220
B36853,1000010,30,2014-09-01 06:04:46,400
E30383,1000010,30,2014-09-01 06:05:42,700
B76099,1000010,30,2014-09-01 06:05:50,400
B29207,1000010,30,2014-09-01 06:05:51,500
C56915,1000010,30,2014-09-01 06:05:52,700
A61701,1000010,30,2014-09-01 06:05:53,400
D32984,1000010,30,2014-09-01 06:05:59,50
D74644,1000010,30,2014-09-01 06:06:01,250
A52829,1000010,30,2014-09-01 06:06:02,500
C57445,1000010,30,2014-09-01 06:06:04,400
E24249,1000010,30,2014-09-01 06:06:05,150
C16489,1000010,30,2014-09-01 06:07:04,400
E30383,1000010,30,2014-09-01 06:07:04,250
D72367,1000010,30,2014-09-01 06:07:06,50
E28191,1000010,30,2014-09-01 06:07:08,250
E44860,1000010,30,2014-09-01 06:07:08,200
E59943,1000010,30,2014-09-01 06:07:08,200
D65644,1000010,30,2014-09-01 06:07:11,150
D42382,1000010,30,2014-09-01 06:07:11,200
E52533,1000010,30,2014-09-01 06:07:17,250
B79475,1000010,30,2014-09-01 06:07:17,50
D54380,1000010,30,2014-09-01 06:07:24,500
E70228,1000010,30,2014-09-01 06:08:21,100
E58540,1000010,30,2014-09-01 06:08:24,300
D76657,1000010,30,2014-09-01 06:08:26,700
D79209,1000010,30,2014-09-01 06:08:27,200
A63084,1000010,30,2014-09-01 06:08:30,650
D78964,1000010,30,2014-09-01 06:08:31,400
E74103,1000010,30,2014-09-01 06:08:33,400
C77508,1000010,30,2014-09-01 06:08:33,200
B53778,1000010,30,2014-09-01 06:08:35,200
D17643,1000010,30,2014-09-01 06:08:37,150
E56514,1000010,30,2014-09-01 06:08:45,200
D64364,1000010,30,2014-09-01 06:08:46,350
E46774,1000010,30,2014-09-01 06:08:46,200
B55213,1000010,30,2014-09-01 06:09:37,200
C51627,1000010,30,2014-09-01 06:09:37,200
D54380,1000010,30,2014-09-01 06:09:38,150
C63910,1000010,30,2014-09-01 06:09:40,250
A44957,1000010,30,2014-09-01 06:09:41,250
B46691,1000010,30,2014-09-01 06:09:43,500
E18182,1000010,30,2014-09-01 06:09:44,650
D74354,1000010,30,2014-09-01 06:09:48,200
A68376,1000010,30,2014-09-01 06:09:49,150
E50947,1000010,30,2014-09-01 06:09:59,200
E50593,1000010,30,2014-09-01 06:09:59,200
C74418,1000010,30,2014-09-01 06:10:00,250
C74418,1000010,30,2014-09-01 06:10:01,150
E70216,1000010,30,2014-09-01 06:10:04,300
D33026,1000010,30,2014-09-01 06:10:11,350
E67925,1000010,30,2014-09-01 06:10:14,400
A66049,1000010,30,2014-09-01 06:10:59,150
E33841,1000010,30,2014-09-01 06:11:07,150
B32309,1000010,30,2014-09-01 06:11:08,150
C47048,1000010,30,2014-09-01 06:11:08,150
C62050,1000010,30,2014-09-01 06:11:11,400
A68037,1000010,30,2014-09-01 06:11:15,600
B73513,1000010,30,2014-09-01 06:11:15,150
A37522,1000010,30,2014-09-01 06:11:15,500
C71731,1000010,30,2014-09-01 06:11:18,350
C48140,1000010,30,2014-09-01 06:11:31,150
A30931,1000010,30,2014-09-01 06:11:31,500
C74121,1000010,30,2014-09-01 06:12:22,400
A52028,1000010,30,2014-09-01 06:12:31,250
B59603,1000010,30,2014-09-01 06:12:33,200
E51594,1000010,30,2014-09-01 06:12:33,720
C71731,1000010,30,2014-09-01 06:12:41,200
A68430,1000010,30,2014-09-01 06:12:47,650
B59603,1000010,30,2014-09-01 06:12:50,200
E72736,1000010,30,2014-09-01 06:13:37,500
E61557,1000010,30,2014-09-01 06:13:39,200
A65144,1000010,30,2014-09-01 06:13:42,500
A41892,1000010,30,2014-09-01 06:13:42,650
E69825,1000010,30,2014-09-01 06:13:44,250
A26625,1000010,30,2014-09-01 06:13:44,750
E70147,1000010,30,2014-09-01 06:13:44,500
A65443,1000010,30,2014-09-01 06:13:45,650
C60490,1000010,30,2014-09-01 06:13:45,650
E79035,1000010,30,2014-09-01 06:13:48,250
D73483,1000010,30,2014-09-01 06:13:50,320
E61557,1000010,30,2014-09-01 06:13:50,150
A58435,1000010,30,2014-09-01 06:13:50,400
D41198,1000010,30,2014-09-01 06:13:52,400
A65144,1000010,30,2014-09-01 06:13:53,150
E72736,1000010,30,2014-09-01 06:13:56,650
D60458,1000010,30,2014-09-01 06:13:58,150
A41892,1000010,30,2014-09-01 06:13:58,650
C64397,1000010,30,2014-09-01 06:14:07,150
C45547,1000010,30,2014-09-01 06:14:10,250
E43451,1000010,30,2014-09-01 06:16:25,250
A69406,1000010,30,2014-09-01 06:17:23,650
B65799,1000010,30,2014-09-01 06:20:41,500
B65799,1000010,30,2014-09-01 06:21:40,100
D45659,1000010,30,2014-09-01 06:33:39,250
A69983,1000010,30,2014-09-01 06:34:28,250
E67278,1000010,30,2014-09-01 06:34:45,250
A67736,1000010,30,2014-09-01 06:34:47,250
A47547,1000010,30,2014-09-01 06:36:44,250
A47547,1000010,30,2014-09-01 06:36:48,250
E48075,1000010,30,2014-09-01 06:41:41,250
E48075,1000010,30,2014-09-01 06:41:45,250
E43340,1000010,30,2014-09-01 06:45:38,250
E57328,1000010,30,2014-09-01 06:46:35,500
E57328,1000010,30,2014-09-01 06:46:36,150
E57328,1000010,30,2014-09-01 06:46:47,150
E57328,1000010,30,2014-09-01 06:47:41,100
E57328,1000010,30,2014-09-01 06:47:51,100
D69823,1000010,30,2014-09-01 06:51:37,100
C54598,1000010,30,2014-09-01 06:54:40,250
B66573,1000010,30,2014-09-01 06:55:55,350
E75943,1000010,30,2014-09-01 06:58:45,250
B74938,1000010,30,2014-09-01 06:58:54,400
C48451,1000010,30,2014-09-01 07:00:00,500
A72998,1000010,30,2014-09-01 07:05:04,400
A63977,1000010,30,2014-09-01 07:07:01,250
E57605,1000010,30,2014-09-01 07:08:00,250
E57605,1000010,30,2014-09-01 07:09:08,250
C59654,1000010,30,2014-09-01 07:14:00,300
D20846,1000010,30,2014-09-01 07:17:02,100
E47974,1000010,30,2014-09-01 07:17:06,150
E47974,1000010,30,2014-09-01 07:17:07,250
A61654,1000010,30,2014-09-01 07:17:10,250
D20846,1000010,30,2014-09-01 07:18:17,200
A18574,1000010,30,2014-09-01 07:20:11,400
B78193,1000010,30,2014-09-01 07:22:10,250
B52142,1000010,30,2014-09-01 07:22:17,250
C78977,1000010,30,2014-09-01 07:22:21,300
D56798,1000010,30,2014-09-01 07:23:21,250
C78977,1000010,30,2014-09-01 07:23:24,100
A16331,1000010,30,2014-09-01 07:26:21,200
B72732,1000010,30,2014-09-01 07:27:23,250
C77034,1000010,30,2014-09-01 07:29:18,250
C77034,1000010,30,2014-09-01 07:29:21,150
A68834,1000010,30,2014-09-01 07:35:23,250
D71723,1000010,30,2014-09-01 07:35:31,250
D78492,1000010,30,2014-09-01 07:35:40,250
D78492,1000010,30,2014-09-01 07:36:43,300
A68834,1000010,30,2014-09-01 07:36:43,150
D69417,1000010,30,2014-09-01 07:38:37,100
E54537,1000010,30,2014-09-01 07:41:44,250
E54537,1000010,30,2014-09-01 07:41:44,250
E61596,1000010,30,2014-09-01 07:41:50,70
D71723,1000010,30,2014-09-01 07:42:35,500
C23053,1000010,30,2014-09-01 07:44:40,250
D20873,1000010,30,2014-09-01 07:44:45,100
C23053,1000010,30,2014-09-01 07:44:48,200
D63259,1000010,30,2014-09-01 07:48:50,350
D58362,1000010,30,2014-09-01 07:48:53,100
A47430,1000010,30,2014-09-01 07:49:03,250
D78974,1000010,30,2014-09-01 07:50:48,300
C72772,1000010,30,2014-09-01 07:53:05,250
B47821,1000010,30,2014-09-01 07:55:11,250
D59498,1000010,30,2014-09-01 07:55:11,250
D59498,1000010,30,2014-09-01 07:55:19,150
E48732,1000010,30,2014-09-01 07:56:13,100
D59889,1000010,30,2014-09-01 07:58:04,250
E65697,1000010,30,2014-09-01 07:58:07,250
C70345,1000010,30,2014-09-01 07:58:17,250
B46403,1000010,30,2014-09-01 07:58:17,250
D69438,1000010,30,2014-09-01 08:00:25,150
A62976,1000010,30,2014-09-01 08:00:27,250
B67488,1000010,30,2014-09-01 08:01:17,250
A79201,1000010,30,2014-09-01 08:01:21,100
C60049,1000010,30,2014-09-01 08:03:26,250
E17128,1000010,30,2014-09-01 08:04:27,250
B47863,1000010,30,2014-09-01 08:05:41,250
B47863,1000010,30,2014-09-01 08:06:27,150
B72166,1000010,30,2014-09-01 08:07:28,250
D39730,1000010,30,2014-09-01 08:07:32,100
D57968,1000010,30,2014-09-01 08:07:41,250
A48493,1000010,30,2014-09-01 08:07:41,250
ED8260,1000010,30,2014-09-01 08:08:30,100
A54075,1000010,30,2014-09-01 08:08:36,150
D51855,1000010,30,2014-09-01 08:08:37,250
D57968,1000010,30,2014-09-01 08:08:43,250
A54075,1000010,30,2014-09-01 08:08:48,250
B53295,1000010,30,2014-09-01 08:09:53,100
A57908,1000010,30,2014-09-01 08:10:42,150
E56371,1000010,30,2014-09-01 08:11:49,250
D55722,1000010,30,2014-09-01 08:11:54,250
D55722,1000010,30,2014-09-01 08:12:50,150
E66696,1000010,30,2014-09-01 08:13:04,100
E33032,1000010,30,2014-09-01 08:14:09,250
E58472,1000010,30,2014-09-01 08:14:10,250
C71255,1000010,30,2014-09-01 08:14:13,250
B53400,1000010,30,2014-09-01 08:15:13,350
C71255,1000010,30,2014-09-01 08:15:15,150
D15265,1000010,30,2014-09-01 08:17:15,200
E57569,1000010,30,2014-09-01 08:17:26,250
E57569,1000010,30,2014-09-01 08:18:20,150
A68449,1000010,30,2014-09-01 08:18:23,250
A70032,1000010,30,2014-09-01 08:19:26,2000
A70032,1000010,30,2014-09-01 08:19:38,600
D63973,1000010,30,2014-09-01 08:19:41,250
D63973,1000010,30,2014-09-01 08:20:31,150
C57228,1000010,30,2014-09-01 08:20:40,150
C57228,1000010,30,2014-09-01 08:20:43,250
A26593,1000010,30,2014-09-01 08:20:45,1500
E19178,1000010,30,2014-09-01 08:20:49,250
C70972,1000010,30,2014-09-01 08:21:50,450
D72399,1000010,30,2014-09-01 08:22:42,250
E29827,1000010,30,2014-09-01 08:23:45,250
D46623,1000010,30,2014-09-01 08:24:50,250
B60197,1000010,30,2014-09-01 08:24:58,150
C36775,1000010,30,2014-09-01 08:25:01,100
D57613,1000010,30,2014-09-01 08:25:59,100
A69706,1000010,30,2014-09-01 08:26:05,70
D77053,1000010,30,2014-09-01 08:26:05,250
E77279,1000010,30,2014-09-01 08:27:10,250
C70247,1000010,30,2014-09-01 08:27:19,150
E77787,1000010,30,2014-09-01 08:28:15,250
E25246,1000010,30,2014-09-01 08:28:16,150
D18059,1000010,30,2014-09-01 08:29:24,200
D18059,1000010,30,2014-09-01 08:29:29,150
A17132,1000010,30,2014-09-01 08:30:18,250
A17132,1000010,30,2014-09-01 08:30:30,250
E75524,1000010,30,2014-09-01 08:30:31,1200
D77078,1000010,30,2014-09-01 08:31:25,1200
D28071,1000010,30,2014-09-01 08:32:41,250
A40542,1000010,30,2014-09-01 08:32:42,200
A33034,1000010,30,2014-09-01 08:33:37,500
B79738,1000010,30,2014-09-01 08:33:52,250
A33034,1000010,30,2014-09-01 08:34:42,150
B48115,1000010,30,2014-09-01 08:34:46,250
B79738,1000010,30,2014-09-01 08:34:50,150
B62370,1000010,30,2014-09-01 08:34:55,250
B31148,1000010,30,2014-09-01 08:36:04,250
B59250,1000010,30,2014-09-01 08:36:49,250
A23095,1000010,30,2014-09-01 08:36:51,150
A23095,1000010,30,2014-09-01 08:37:07,250
D50104,1000010,30,2014-09-01 08:37:59,100
E58228,1000010,30,2014-09-01 08:38:13,250
E58228,1000010,30,2014-09-01 08:38:59,150
A14337,1000010,30,2014-09-01 08:39:10,250
B30194,1000010,30,2014-09-01 08:40:16,250
E68970,1000010,30,2014-09-01 08:41:10,150
D29936,1000010,30,2014-09-01 08:41:18,250
A21274,1000010,30,2014-09-01 08:41:18,100
D65508,1000010,30,2014-09-01 08:42:14,250
D29936,1000010,30,2014-09-01 08:42:16,150
E35782,1000010,30,2014-09-01 08:42:23,70
E73204,1000010,30,2014-09-01 08:43:08,100
B46992,1000010,30,2014-09-01 08:43:21,200
A29479,1000010,30,2014-09-01 08:43:24,250
D59276,1000010,30,2014-09-01 08:43:25,250
D65530,1000010,30,2014-09-01 08:43:26,200
C51247,1000010,30,2014-09-01 08:43:27,250
C61003,1000010,30,2014-09-01 08:44:26,150
C51247,1000010,30,2014-09-01 08:44:26,150
A17725,1000010,30,2014-09-01 08:45:13,250
D70859,1000010,30,2014-09-01 08:46:16,150
A32610,1000010,30,2014-09-01 08:46:20,250
D70859,1000010,30,2014-09-01 08:46:21,250
C59918,1000010,30,2014-09-01 08:47:26,250
A20943,1000010,30,2014-09-01 08:47:33,250
D32856,1000010,30,2014-09-01 08:47:37,100
A32610,1000010,30,2014-09-01 08:47:42,150
E64596,1000010,30,2014-09-01 08:48:26,250
A20943,1000010,30,2014-09-01 08:49:32,150
E49397,1000010,30,2014-09-01 08:49:33,200
E35284,1000010,30,2014-09-01 08:50:33,250
E64596,1000010,30,2014-09-01 08:50:42,150
D30295,1000010,30,2014-09-01 08:51:33,250
E78517,1000010,30,2014-09-01 08:52:31,250
E35284,1000010,30,2014-09-01 08:52:46,150
E58241,1000010,30,2014-09-01 08:53:30,250
E58241,1000010,30,2014-09-01 08:53:35,150
B64097,1000010,30,2014-09-01 08:53:36,250
E25980,1000010,30,2014-09-01 08:54:48,100
E26750,1000010,30,2014-09-01 08:55:34,250
A43580,1000010,30,2014-09-01 08:56:38,300
E25980,1000010,30,2014-09-01 08:56:46,200
D76819,1000010,30,2014-09-01 08:56:47,400
B73609,1000010,30,2014-09-01 08:57:41,200
D74543,1000010,30,2014-09-01 08:58:46,300
D70776,1000010,30,2014-09-01 08:58:46,250
A59121,1000010,30,2014-09-01 08:59:38,250
B72409,1000010,30,2014-09-01 08:59:54,300
A67482,1000010,30,2014-09-01 08:59:56,250
A55215,1000010,30,2014-09-01 09:01:47,250
A22381,1000010,30,2014-09-01 09:03:50,100
B36907,1000010,30,2014-09-01 09:04:01,250
B26062,1000010,30,2014-09-01 09:04:44,140
C31015,1000010,30,2014-09-01 09:05:44,250
A72158,1000010,30,2014-09-01 09:06:49,150
A19093,1000010,30,2014-09-01 09:06:54,100
A72158,1000010,30,2014-09-01 09:06:56,250
B67758,1000010,30,2014-09-01 09:09:07,100
A46667,1000010,30,2014-09-01 09:10:03,100
B41591,1000010,30,2014-09-01 09:19:05,250
C52585,1000010,30,2014-09-01 09:20:05,150
D34367,1000010,30,2014-09-01 09:22:13,270
B58087,1000010,30,2014-09-01 09:23:20,250
B55903,1000010,30,2014-09-01 09:24:09,250
A78028,1000010,30,2014-09-01 09:24:15,100
A78028,1000010,30,2014-09-01 09:24:19,150
A68118,1000010,30,2014-09-01 09:24:22,100
D58956,1000010,30,2014-09-01 09:25:06,150
D58956,1000010,30,2014-09-01 09:25:08,250
D58956,1000010,30,2014-09-01 09:25:22,400
E41244,1000010,30,2014-09-01 09:26:07,250
A78028,1000010,30,2014-09-01 09:26:16,100
E41244,1000010,30,2014-09-01 09:27:19,150
A18688,1000010,30,2014-09-01 09:28:11,350
E46310,1000010,30,2014-09-01 09:29:08,150
B73692,1000010,30,2014-09-01 09:33:22,250
E23274,1000010,30,2014-09-01 09:37:12,140
C13520,1000010,30,2014-09-01 09:37:23,200
C13520,1000010,30,2014-09-01 09:38:23,150
D25902,1000010,30,2014-09-01 10:06:31,300
D23934,1000010,30,2014-09-01 10:20:23,1000
A60459,1000010,30,2014-09-01 10:33:32,150
C54670,1000010,30,2014-09-01 10:33:34,300
C54670,1000010,30,2014-09-01 10:33:36,1300
C54670,1000010,30,2014-09-01 10:33:41,2600
D25229,1000010,30,2014-09-01 10:33:49,600
D76958,1000010,30,2014-09-01 10:34:37,800
C14715,1000010,30,2014-09-01 10:34:40,150
B50715,1000010,30,2014-09-01 10:34:49,150
D72694,1000010,30,2014-09-01 10:34:50,800
A56543,1000010,30,2014-09-01 10:34:51,700
C78256,1000010,30,2014-09-01 10:34:51,700
D34722,1000010,30,2014-09-01 10:34:51,800
D76983,1000010,30,2014-09-01 10:34:51,150
E60115,1000010,30,2014-09-01 10:34:52,800
E74575,1000010,30,2014-09-01 10:34:54,700
D50859,1000010,30,2014-09-01 10:34:54,150
B75024,1000010,30,2014-09-01 10:35:47,2800
B62912,1000010,30,2014-09-01 10:35:49,800
B77162,1000010,30,2014-09-01 10:35:50,1200
E79283,1000010,30,2014-09-01 10:35:54,800
E49242,1000010,30,2014-09-01 10:35:55,600
E42440,1000010,30,2014-09-01 10:35:57,150
D79429,1000010,30,2014-09-01 10:35:58,800
C61163,1000010,30,2014-09-01 10:36:00,800
A72909,1000010,30,2014-09-01 10:36:03,800
E63023,1000010,30,2014-09-01 10:36:06,150
C77043,1000010,30,2014-09-01 10:36:06,1500
E42545,1000010,30,2014-09-01 10:36:08,150
B39762,1000010,30,2014-09-01 10:36:09,800
E72739,1000010,30,2014-09-01 10:37:00,1500
D67595,1000010,30,2014-09-01 10:37:00,550
A69746,1000010,30,2014-09-01 10:37:01,1200
B78058,1000010,30,2014-09-01 10:37:02,550
D53761,1000010,30,2014-09-01 10:37:04,800
D77261,1000010,30,2014-09-01 10:37:07,800
A38313,1000010,30,2014-09-01 10:37:08,800
B79676,1000010,30,2014-09-01 10:37:09,800
A76898,1000010,30,2014-09-01 10:37:11,1000
D79653,1000010,30,2014-09-01 10:37:13,800
D61446,1000010,30,2014-09-01 10:37:14,150
B77133,1000010,30,2014-09-01 10:37:17,650
E74629,1000010,30,2014-09-01 10:37:17,800
B62799,1000010,30,2014-09-01 10:37:18,800
D68472,1000010,30,2014-09-01 10:37:19,800
E78289,1000010,30,2014-09-01 10:37:23,1200
D53761,1000010,30,2014-09-01 10:37:24,800
A72909,1000010,30,2014-09-01 10:37:28,150
C27347,1000010,30,2014-09-01 10:38:13,800
B69017,1000010,30,2014-09-01 10:38:18,800
A71052,1000010,30,2014-09-01 10:38:24,150
B69017,1000010,30,2014-09-01 10:38:30,800
D76867,1000010,30,2014-09-01 10:38:30,800
B42387,1000010,30,2014-09-01 10:38:30,800
E73666,1000010,30,2014-09-01 10:39:23,600
B71463,1000010,30,2014-09-01 10:39:32,800
B37400,1000010,30,2014-09-01 10:39:45,500
B37400,1000010,30,2014-09-01 10:39:48,100
D79274,1000010,30,2014-09-01 10:40:43,800
D79274,1000010,30,2014-09-01 10:40:43,800
C79340,1000010,30,2014-09-01 10:40:45,650
A77678,1000010,30,2014-09-01 10:40:48,800
C32334,1000010,30,2014-09-01 10:40:51,650
B69338,1000010,30,2014-09-01 10:40:54,800
C57217,1000010,30,2014-09-01 10:41:54,600
C57217,1000010,30,2014-09-01 10:41:58,500
B75748,1000010,30,2014-09-01 10:42:09,800
C38424,1000010,30,2014-09-01 10:42:12,500
E69559,1000010,30,2014-09-01 10:43:12,800
B78440,1000010,30,2014-09-01 10:43:13,800
D65235,1000010,30,2014-09-01 10:43:16,900
A75251,1000010,30,2014-09-01 10:43:23,150
B60367,1000010,30,2014-09-01 10:43:23,500
B33273,1000010,30,2014-09-01 10:43:27,600
A59322,1000010,30,2014-09-01 10:44:28,650
C74957,1000010,30,2014-09-01 10:45:28,600
A59273,1000010,30,2014-09-01 10:45:34,1100
B74250,1000010,30,2014-09-01 10:46:31,500
E42440,1000010,30,2014-09-01 10:46:33,800
A70894,1000010,30,2014-09-01 10:46:35,1500
A71770,1000010,30,2014-09-01 10:46:39,700
D53761,1000010,30,2014-09-01 10:47:47,300
E74629,1000010,30,2014-09-01 10:48:39,200
E32082,1000010,30,2014-09-01 10:48:47,150
B69301,1000010,30,2014-09-01 10:48:51,500
E73096,1000010,30,2014-09-01 10:48:55,600
A71770,1000010,30,2014-09-01 10:50:08,100
E44542,1000010,30,2014-09-01 10:50:18,150
A30439,1000010,30,2014-09-01 10:53:58,600
E56939,1000010,30,2014-09-01 10:53:59,1500
D55549,1000010,30,2014-09-01 10:54:09,1200
C71731,1000010,30,2014-09-01 10:54:58,600
D55549,1000010,30,2014-09-01 10:55:13,200
E46562,1000010,30,2014-09-01 10:55:14,800
D67033,1000010,30,2014-09-01 10:55:24,150
E77039,1000010,30,2014-09-01 10:55:32,800
D42646,1000010,30,2014-09-01 10:56:26,550
D72026,1000010,30,2014-09-01 10:56:26,1000
B74894,1000010,30,2014-09-01 10:56:27,1500
B53778,1000010,30,2014-09-01 10:56:27,150
E63134,1000010,30,2014-09-01 10:56:33,100
B54101,1000010,30,2014-09-01 10:56:34,600
B58738,1000010,30,2014-09-01 10:56:35,500
B66950,1000010,30,2014-09-01 10:56:37,450
A79053,1000010,30,2014-09-01 10:56:42,1000
E52533,1000010,30,2014-09-01 10:56:44,550
A50809,1000010,30,2014-09-01 10:56:52,700
D73668,1000010,30,2014-09-01 10:56:55,500
D31393,1000010,30,2014-09-01 10:57:01,600
D19672,1000010,30,2014-09-01 10:57:49,800
C77508,1000010,30,2014-09-01 10:57:53,600
E79035,1000010,30,2014-09-01 10:57:56,600
D59999,1000010,30,2014-09-01 10:57:56,600
E70216,1000010,30,2014-09-01 10:57:58,700
E33571,1000010,30,2014-09-01 10:57:59,800
E70147,1000010,30,2014-09-01 10:58:00,800
C30136,1000010,30,2014-09-01 10:58:05,450
A77257,1000010,30,2014-09-01 10:58:07,800
E40071,1000010,30,2014-09-01 10:58:07,800
C77508,1000010,30,2014-09-01 10:58:10,600
A49950,1000010,30,2014-09-01 10:58:10,700
E56371,1000010,30,2014-09-01 10:58:14,600
E24945,1000010,30,2014-09-01 10:58:15,600
A61715,1000010,30,2014-09-01 10:58:15,800
E51641,1000010,30,2014-09-01 10:58:21,600
E53965,1000010,30,2014-09-01 10:58:22,600
B46848,1000010,30,2014-09-01 10:59:16,800
C47595,1000010,30,2014-09-01 10:59:21,800
C65179,1000010,30,2014-09-01 10:59:23,800
B46848,1000010,30,2014-09-01 10:59:29,150
B76123,1000010,30,2014-09-01 10:59:31,600
A36704,1000010,30,2014-09-01 10:59:32,800
A40481,1000010,30,2014-09-01 10:59:34,600
A36704,1000010,30,2014-09-01 10:59:36,30
C63451,1000010,30,2014-09-01 10:59:43,200
D64877,1000010,30,2014-09-01 10:59:43,500
C63451,1000010,30,2014-09-01 10:59:46,500
B76676,1000010,30,2014-09-01 10:59:52,500
A59823,1000010,30,2014-09-01 11:00:58,500
B59196,1000010,30,2014-09-01 11:01:02,500
B59196,1000010,30,2014-09-01 11:01:02,500
D65294,1000010,30,2014-09-01 11:01:02,100
A59823,1000010,30,2014-09-01 11:01:09,150
A56708,1000010,30,2014-09-01 11:01:10,800
D18427,1000010,30,2014-09-01 11:01:15,100
A56708,1000010,30,2014-09-01 11:02:34,800
B59196,1000010,30,2014-09-01 11:02:36,100
C53337,1000010,30,2014-09-01 11:04:48,100
E70228,1000010,30,2014-09-01 11:04:53,600
C53337,1000010,30,2014-09-01 11:04:55,650
C54670,1000010,30,2014-09-01 11:05:08,150
A43063,1000010,30,2014-09-01 11:05:11,800
A40429,1000010,30,2014-09-01 11:07:37,150
A51003,1000010,30,2014-09-01 11:08:35,100
A49797,1000010,30,2014-09-01 11:08:47,100
B75387,1000010,30,2014-09-01 11:08:49,100
E52533,1000010,30,2014-09-01 11:10:02,150
D69923,1000010,30,2014-09-01 11:10:07,800
D72318,1000010,30,2014-09-01 11:10:23,100
A42603,1000010,30,2014-09-01 11:11:23,800
C77556,1000010,30,2014-09-01 11:11:25,100
C44036,1000010,30,2014-09-01 11:11:25,1200
C37141,1000010,30,2014-09-01 11:12:46,100
D34616,1000010,30,2014-09-01 11:12:51,500
B52774,1000010,30,2014-09-01 11:14:17,500
A14388,1000010,30,2014-09-01 11:15:14,500
E56939,1000010,30,2014-09-01 11:16:25,100
A14388,1000010,30,2014-09-01 11:16:35,100
E62201,1000010,30,2014-09-01 11:18:57,700
A77365,1000010,30,2014-09-01 11:19:11,1300
E65464,1000010,30,2014-09-01 11:23:04,200
B74113,1000010,30,2014-09-01 11:23:17,500
B26338,1000010,30,2014-09-01 11:23:25,500
E65464,1000010,30,2014-09-01 11:23:33,500
A68038,1000010,30,2014-09-01 11:25:45,500
A68449,1000010,30,2014-09-01 11:25:59,150
A68038,1000010,30,2014-09-01 11:26:01,550
E62201,1000010,30,2014-09-01 11:26:06,150
E65737,1000010,30,2014-09-01 11:26:09,100
B74113,1000010,30,2014-09-01 11:26:15,100
D37488,1000010,30,2014-09-01 11:27:13,500
E65737,1000010,30,2014-09-01 11:27:20,550
C19409,1000010,30,2014-09-01 11:27:23,800
D37488,1000010,30,2014-09-01 11:27:26,300
C66204,1000010,30,2014-09-01 11:27:27,800
C79767,1000010,30,2014-09-01 11:27:38,800
E63705,1000010,30,2014-09-01 11:29:06,600
C79767,1000010,30,2014-09-01 11:29:10,550
A67234,1000010,30,2014-09-01 11:29:20,500
C66204,1000010,30,2014-09-01 11:30:31,100
A22806,1000010,30,2014-09-01 11:30:34,1000
A40110,1000010,30,2014-09-01 11:30:55,900
C13523,1000010,30,2014-09-01 11:30:58,600
D66240,1000010,30,2014-09-01 11:33:34,100
E66569,1000010,30,2014-09-01 11:34:50,600
C48912,1000010,30,2014-09-01 11:34:57,600
C78583,1000010,30,2014-09-01 11:36:23,800
E65590,1000010,30,2014-09-01 11:38:32,150
B51605,1000010,30,2014-09-01 11:40:00,550
C69261,1000010,30,2014-09-01 11:41:05,100
D72536,1000010,30,2014-09-01 11:41:13,200
B35766,1000010,30,2014-09-01 11:41:14,1200
D72536,1000010,30,2014-09-01 11:41:15,150
D37564,1000010,30,2014-09-01 11:41:16,900
E69693,1000010,30,2014-09-01 11:44:04,900
B77165,1000010,30,2014-09-01 11:45:06,100
E55451,1000010,30,2014-09-01 11:45:13,200
D49341,1000010,30,2014-09-01 11:45:14,550
A25573,1000010,30,2014-09-01 11:47:37,300
B68907,1000010,30,2014-09-01 11:47:44,700
C46870,1000010,30,2014-09-01 11:47:49,1300
A55208,1000010,30,2014-09-01 11:47:54,800
E70704,1000010,30,2014-09-01 11:47:58,550
C46870,1000010,30,2014-09-01 11:49:05,200
D60803,1000010,30,2014-09-01 11:49:07,650
D40454,1000010,30,2014-09-01 11:50:26,800
B78573,1000010,30,2014-09-01 11:51:19,600
A30884,1000010,30,2014-09-01 11:52:41,800
D77890,1000010,30,2014-09-01 11:53:42,600
B59207,1000010,30,2014-09-01 11:53:59,700
E51070,1000010,30,2014-09-01 11:54:53,650
E65941,1000010,30,2014-09-01 11:55:03,200
A33363,1000010,30,2014-09-01 11:55:15,450
E39383,1000010,30,2014-09-01 11:58:43,800
A60349,1000010,30,2014-09-01 11:59:44,1500
D41542,1000010,30,2014-09-01 12:00:03,600
C50467,1000010,30,2014-09-01 12:01:00,500
C50467,1000010,30,2014-09-01 12:01:58,600
E35782,1000010,30,2014-09-01 12:02:07,750
D51865,1000010,30,2014-09-01 12:02:08,100
D77890,1000010,30,2014-09-01 12:02:10,150
D51865,1000010,30,2014-09-01 12:02:15,500
D58362,1000010,30,2014-09-01 12:03:21,550
B51025,1000010,30,2014-09-01 12:03:28,600
A17207,1000010,30,2014-09-01 12:03:32,200
C62870,1000010,30,2014-09-01 12:04:19,100
E57611,1000010,30,2014-09-01 12:04:24,600
E35782,1000010,30,2014-09-01 12:04:38,150
B51025,1000010,30,2014-09-01 12:08:08,150
D52051,1000010,30,2014-09-01 12:11:13,600
D56179,1000010,30,2014-09-01 12:11:14,800
A73650,1000010,30,2014-09-01 12:14:36,200
A73650,1000010,30,2014-09-01 12:14:44,1000
A48231,1000010,30,2014-09-01 12:17:00,800
D67527,1000010,30,2014-09-01 16:24:43,600
B64494,1000010,30,2014-09-01 16:24:48,1500
B43428,1000010,30,2014-09-01 16:26:32,600
B64494,1000010,30,2014-09-01 16:26:47,500
D71879,1000010,30,2014-09-01 16:37:38,200
E61421,1000010,30,2014-09-01 16:37:42,600
D71879,1000010,30,2014-09-01 16:37:50,550
C51608,1000010,30,2014-09-01 16:42:48,800
D71879,1000010,30,2014-09-01 16:46:55,150
A33510,1000010,30,2014-09-01 16:46:56,500
A33510,1000010,30,2014-09-01 16:47:39,200
D42072,1000010,30,2014-09-01 16:53:59,150
C77783,1000010,30,2014-09-01 16:54:07,100
B60129,1000010,30,2014-09-01 16:55:08,1500
D52051,1000010,30,2014-09-01 17:00:37,500
A54518,1000010,30,2014-09-01 17:01:45,800
D23066,1000010,30,2014-09-01 17:02:58,1300
E31837,1000010,30,2014-09-01 17:04:00,800
A54518,1000010,30,2014-09-01 17:04:08,600
A54518,1000010,30,2014-09-01 17:05:05,200
A60567,1000010,30,2014-09-01 17:06:19,600
B65228,1000010,30,2014-09-01 17:06:19,800
B65228,1000010,30,2014-09-01 17:07:21,100
B69194,1000010,30,2014-09-01 17:08:30,450
E27109,1000010,30,2014-09-01 17:09:40,1000
E27109,1000010,30,2014-09-01 17:10:54,500
C45319,1000010,30,2014-09-01 17:11:08,650
A41975,1000010,30,2014-09-01 17:14:30,600
E16265,1000010,30,2014-09-01 17:15:49,500
E60292,1000010,30,2014-09-01 17:16:54,1200
A66884,1000010,30,2014-09-01 17:17:01,300
E28547,1000010,30,2014-09-01 17:18:14,800
E48106,1000010,30,2014-09-01 17:19:24,1200
E28547,1000010,30,2014-09-01 17:19:24,600
E48106,1000010,30,2014-09-01 17:20:29,1000
E48106,1000010,30,2014-09-01 17:21:34,200
C28751,1000010,30,2014-09-01 17:23:06,450
A40661,1000010,30,2014-09-01 17:24:02,800
C67780,1000010,30,2014-09-01 17:25:09,700
E54759,1000010,30,2014-09-01 17:25:19,450
A52136,1000010,30,2014-09-01 17:25:19,1000
D63100,1000010,30,2014-09-01 17:25:22,600
C67780,1000010,30,2014-09-01 17:25:25,150
D12552,1000010,30,2014-09-01 17:26:34,200
A74701,1000010,30,2014-09-01 17:27:46,700
A75232,1000010,30,2014-09-01 17:27:50,150
E56023,1000010,30,2014-09-01 17:28:51,800
B60351,1000010,30,2014-09-01 17:28:51,800
A70854,1000010,30,2014-09-01 17:28:52,800
B60351,1000010,30,2014-09-01 17:29:09,1000
B78058,1000010,30,2014-09-01 17:29:56,600
A62092,1000010,30,2014-09-01 17:29:57,800
B79676,1000010,30,2014-09-01 17:29:58,150
D61571,1000010,30,2014-09-01 17:30:00,1500
D49977,1000010,30,2014-09-01 17:30:03,150
D75761,1000010,30,2014-09-01 17:30:06,700
B60351,1000010,30,2014-09-01 17:30:06,100
D53761,1000010,30,2014-09-01 17:30:10,600
B79512,1000010,30,2014-09-01 17:30:11,1000
D49977,1000010,30,2014-09-01 17:30:11,650
C38244,1000010,30,2014-09-01 17:30:12,700
B46558,1000010,30,2014-09-01 17:30:12,500
B79676,1000010,30,2014-09-01 17:30:12,800
B45749,1000010,30,2014-09-01 17:30:14,700
A79312,1000010,30,2014-09-01 17:30:18,1000
E53837,1000010,30,2014-09-01 17:30:19,800
D77367,1000010,30,2014-09-01 17:30:20,700
E71899,1000010,30,2014-09-01 17:30:21,1200
B78433,1000010,30,2014-09-01 17:30:23,700
A72909,1000010,30,2014-09-01 17:31:11,150
D23865,1000010,30,2014-09-01 17:31:13,600
D58901,1000010,30,2014-09-01 17:31:16,600
A32011,1000010,30,2014-09-01 17:31:19,700
B57096,1000010,30,2014-09-01 17:31:24,700
B69059,1000010,30,2014-09-01 17:31:26,100
B71463,1000010,30,2014-09-01 17:31:27,700
B75498,1000010,30,2014-09-01 17:31:28,500
E70631,1000010,30,2014-09-01 17:31:28,700
B78055,1000010,30,2014-09-01 17:31:32,150
B46558,1000010,30,2014-09-01 17:31:32,100
D43020,1000010,30,2014-09-01 17:31:33,650
B78055,1000010,30,2014-09-01 17:31:33,800
C61163,1000010,30,2014-09-01 17:31:33,700
B75748,1000010,30,2014-09-01 17:31:39,700
E77232,1000010,30,2014-09-01 17:31:40,500
C75428,1000010,30,2014-09-01 17:31:44,700
E76581,1000010,30,2014-09-01 17:31:48,750
D76867,1000010,30,2014-09-01 17:31:53,800
A53114,1000010,30,2014-09-01 17:32:40,600
D60202,1000010,30,2014-09-01 17:32:44,100
A71086,1000010,30,2014-09-01 17:32:45,500
A60516,1000010,30,2014-09-01 17:32:50,800
E53837,1000010,30,2014-09-01 17:32:56,400
E45284,1000010,30,2014-09-01 17:32:56,800
E45284,1000010,30,2014-09-01 17:32:59,100
D68472,1000010,30,2014-09-01 17:33:02,800
B49468,1000010,30,2014-09-01 17:33:03,1000
E77232,1000010,30,2014-09-01 17:33:09,800
A76861,1000010,30,2014-09-01 17:33:57,100
A71086,1000010,30,2014-09-01 17:34:02,800
AB8739,1000010,30,2014-09-01 17:34:04,500
D63989,1000010,30,2014-09-01 17:34:13,700
A42883,1000010,30,2014-09-01 17:35:15,600
D67830,1000010,30,2014-09-01 17:35:17,700
D79574,1000010,30,2014-09-01 17:35:20,100
C52243,1000010,30,2014-09-01 17:35:24,800
A64914,1000010,30,2014-09-01 17:35:25,800
B79314,1000010,30,2014-09-01 17:35:25,500
A78798,1000010,30,2014-09-01 17:35:34,800
A77180,1000010,30,2014-09-01 17:35:36,700
C45092,1000010,30,2014-09-01 17:35:37,800
D79274,1000010,30,2014-09-01 17:36:27,700
B25135,1000010,30,2014-09-01 17:36:32,700
C67256,1000010,30,2014-09-01 17:36:37,800
A26312,1000010,30,2014-09-01 17:36:39,800
A68966,1000010,30,2014-09-01 17:36:40,1050
E38472,1000010,30,2014-09-01 17:36:42,200
B79314,1000010,30,2014-09-01 17:36:44,200
B71845,1000010,30,2014-09-01 17:36:45,800
E65960,1000010,30,2014-09-01 17:36:48,600
E55076,1000010,30,2014-09-01 17:36:51,2400
B79512,1000010,30,2014-09-01 17:36:52,600
B47240,1000010,30,2014-09-01 17:36:53,500
C48391,1000010,30,2014-09-01 17:36:55,600
E60188,1000010,30,2014-09-01 17:36:59,100
E65960,1000010,30,2014-09-01 17:37:00,500
E77630,1000010,30,2014-09-01 17:38:01,800
E31275,1000010,30,2014-09-01 17:38:08,550
E76164,1000010,30,2014-09-01 17:38:09,600
C69707,1000010,30,2014-09-01 17:38:11,100
C61597,1000010,30,2014-09-01 17:38:11,600
C69707,1000010,30,2014-09-01 17:38:11,100
A79007,1000010,30,2014-09-01 17:38:11,700
D52473,1000010,30,2014-09-01 17:38:12,600
D78512,1000010,30,2014-09-01 17:38:12,600
D47983,1000010,30,2014-09-01 17:38:19,600
D47983,1000010,30,2014-09-01 17:38:20,600
C64757,1000010,30,2014-09-01 17:39:15,600
E75811,1000010,30,2014-09-01 17:39:18,500
A75251,1000010,30,2014-09-01 17:39:25,1200
E72739,1000010,30,2014-09-01 17:39:26,550
E75811,1000010,30,2014-09-01 17:39:26,500
D46756,1000010,30,2014-09-01 17:39:27,700
D44479,1000010,30,2014-09-01 17:39:28,500
C50592,1000010,30,2014-09-01 17:39:30,850
D50859,1000010,30,2014-09-01 17:39:33,950
D79383,1000010,30,2014-09-01 17:39:34,550
E77113,1000010,30,2014-09-01 17:39:34,1200
B42387,1000010,30,2014-09-01 17:39:34,1050
A58343,1000010,30,2014-09-01 17:39:37,150
A77525,1000010,30,2014-09-01 17:39:39,800
B33132,1000010,30,2014-09-01 17:40:26,450
E60895,1000010,30,2014-09-01 17:40:32,600
D32984,1000010,30,2014-09-01 17:40:33,500
E77385,1000010,30,2014-09-01 17:40:34,600
C69707,1000010,30,2014-09-01 17:40:37,200
C39552,1000010,30,2014-09-01 17:40:39,600
A71807,1000010,30,2014-09-01 17:40:40,800
C28723,1000010,30,2014-09-01 17:40:46,150
E71664,1000010,30,2014-09-01 17:40:55,900
B75160,1000010,30,2014-09-01 17:41:50,500
E59304,1000010,30,2014-09-01 17:41:50,800
B33132,1000010,30,2014-09-01 17:41:51,150
E78037,1000010,30,2014-09-01 17:41:54,300
D44479,1000010,30,2014-09-01 17:41:55,600
D41095,1000010,30,2014-09-01 17:41:56,600
C30355,1000010,30,2014-09-01 17:41:57,100
A61595,1000010,30,2014-09-01 17:41:57,500
C48255,1000010,30,2014-09-01 17:42:04,800
E54797,1000010,30,2014-09-01 17:42:07,600
C78364,1000010,30,2014-09-01 17:43:02,600
D51347,1000010,30,2014-09-01 17:43:05,150
C30700,1000010,30,2014-09-01 17:43:07,600
E78037,1000010,30,2014-09-01 17:43:08,150
B61858,1000010,30,2014-09-01 17:44:07,250
E49437,1000010,30,2014-09-01 17:44:09,600
B79342,1000010,30,2014-09-01 17:44:15,800
D36103,1000010,30,2014-09-01 17:44:23,800
B36907,1000010,30,2014-09-01 17:45:21,800
E49437,1000010,30,2014-09-01 17:45:35,100
E71564,1000010,30,2014-09-01 17:46:30,1200
D36103,1000010,30,2014-09-01 17:46:32,150
B53751,1000010,30,2014-09-01 17:46:34,1200
C78032,1000010,30,2014-09-01 17:46:37,1200
D72437,1000010,30,2014-09-01 17:46:47,150
A63919,1000010,30,2014-09-01 17:47:46,500
A38313,1000010,30,2014-09-01 17:47:57,800
C35770,1000010,30,2014-09-01 17:47:57,1500
D67026,1000010,30,2014-09-01 17:47:59,550
D72540,1000010,30,2014-09-01 17:48:01,800
B39028,1000010,30,2014-09-01 17:48:02,800
A38952,1000010,30,2014-09-01 17:48:03,1200
D73058,1000010,30,2014-09-01 17:48:12,800
C66517,1000010,30,2014-09-01 17:49:07,650
B75060,1000010,30,2014-09-01 17:49:19,1200
A71807,1000010,30,2014-09-01 17:49:19,250
B47208,1000010,30,2014-09-01 17:49:21,300
E22339,1000010,30,2014-09-01 17:49:23,1200
B47208,1000010,30,2014-09-01 17:49:24,1200
B61990,1000010,30,2014-09-01 17:49:31,800
C79332,1000010,30,2014-09-01 17:50:26,800
D48303,1000010,30,2014-09-01 17:50:32,750
A57694,1000010,30,2014-09-01 17:50:37,150
B74472,1000010,30,2014-09-01 17:50:41,800
D78344,1000010,30,2014-09-01 17:50:41,800
A57694,1000010,30,2014-09-01 17:50:41,700
E66228,1000010,30,2014-09-01 17:50:41,300
C70217,1000010,30,2014-09-01 17:50:43,600
D79577,1000010,30,2014-09-01 17:50:44,700
D75460,1000010,30,2014-09-01 17:50:48,800
B49225,1000010,30,2014-09-01 17:50:48,950
C65594,1000010,30,2014-09-01 17:51:49,800
A75131,1000010,30,2014-09-01 17:51:51,650
D77261,1000010,30,2014-09-01 17:51:52,500
B53751,1000010,30,2014-09-01 17:51:53,150
D77037,1000010,30,2014-09-01 17:51:54,1200
C77833,1000010,30,2014-09-01 17:51:57,800
B69017,1000010,30,2014-09-01 17:51:57,800
B74301,1000010,30,2014-09-01 17:52:00,500
A78749,1000010,30,2014-09-01 17:52:06,700
D72026,1000010,30,2014-09-01 17:53:02,800
E32477,1000010,30,2014-09-01 17:53:05,650
E63134,1000010,30,2014-09-01 17:53:06,600
B72375,1000010,30,2014-09-01 17:53:07,500
B55195,1000010,30,2014-09-01 17:53:12,300
A59322,1000010,30,2014-09-01 17:53:12,550
D47613,1000010,30,2014-09-01 17:53:15,500
E71661,1000010,30,2014-09-01 17:53:16,800
D70812,1000010,30,2014-09-01 17:53:16,800
E69351,1000010,30,2014-09-01 17:53:16,150
E66228,1000010,30,2014-09-01 17:53:18,600
E32477,1000010,30,2014-09-01 17:53:20,150
C76059,1000010,30,2014-09-01 17:53:20,1200
D47613,1000010,30,2014-09-01 17:53:20,1200
E63134,1000010,30,2014-09-01 17:53:21,150
D65294,1000010,30,2014-09-01 17:53:23,100
A72679,1000010,30,2014-09-01 17:53:24,600
E59943,1000010,30,2014-09-01 17:53:27,500
A72679,1000010,30,2014-09-01 17:53:31,500
C57445,1000010,30,2014-09-01 17:54:24,1200
E41838,1000010,30,2014-09-01 17:54:27,600
E22494,1000010,30,2014-09-01 17:54:28,500
B79062,1000010,30,2014-09-01 17:54:31,500
B49262,1000010,30,2014-09-01 17:54:32,500
A77257,1000010,30,2014-09-01 17:54:34,800
A49797,1000010,30,2014-09-01 17:54:36,800
C66353,1000010,30,2014-09-01 17:54:37,500
C63451,1000010,30,2014-09-01 17:54:43,800
B29207,1000010,30,2014-09-01 17:54:43,1500
B68393,1000010,30,2014-09-01 17:54:53,150
B64996,1000010,30,2014-09-01 17:55:44,550
D74644,1000010,30,2014-09-01 17:55:51,450
B54305,1000010,30,2014-09-01 17:55:55,500
B60317,1000010,30,2014-09-01 17:55:56,150
B54305,1000010,30,2014-09-01 17:55:56,30
A33484,1000010,30,2014-09-01 17:56:13,900
B78536,1000010,30,2014-09-01 17:56:19,150
D77151,1000010,30,2014-09-01 17:57:17,600
B60317,1000010,30,2014-09-01 17:57:19,150
E44860,1000010,30,2014-09-01 17:57:22,200
E66653,1000010,30,2014-09-01 17:57:36,600
B65663,1000010,30,2014-09-01 17:57:38,200
C67954,1000010,30,2014-09-01 17:57:43,700
D47965,1000010,30,2014-09-01 17:57:44,1500
A33484,1000010,30,2014-09-01 17:57:45,150
E48576,1000010,30,2014-09-01 17:58:41,500
B52546,1000010,30,2014-09-01 17:58:42,600
C64679,1000010,30,2014-09-01 17:58:45,500
B73513,1000010,30,2014-09-01 17:58:48,100
C35543,1000010,30,2014-09-01 17:58:50,450
D71703,1000010,30,2014-09-01 17:58:57,500
E50593,1000010,30,2014-09-01 17:58:59,800
B73513,1000010,30,2014-09-01 17:58:59,600
A39711,1000010,30,2014-09-01 17:58:59,300
C72185,1000010,30,2014-09-01 17:59:03,1200
D60458,1000010,30,2014-09-01 17:59:15,700
A17771,1000010,30,2014-09-01 18:00:00,1200
E74575,1000010,30,2014-09-01 18:00:04,800
B79470,1000010,30,2014-09-01 18:00:14,1200
E62023,1000010,30,2014-09-01 18:00:31,100
E65077,1000010,30,2014-09-01 18:01:33,600
D72493,1000010,30,2014-09-01 18:01:37,800
E39432,1000010,30,2014-09-01 18:01:38,600
A79254,1000010,30,2014-09-01 18:01:47,800
E65867,1000010,30,2014-09-01 18:01:51,650
B69795,1000010,30,2014-09-01 18:02:45,600
E76553,1000010,30,2014-09-01 18:02:50,600
E75291,1000010,30,2014-09-01 18:02:54,800
B38306,1000010,30,2014-09-01 18:03:00,700
B29492,1000010,30,2014-09-01 18:03:06,500
E74575,1000010,30,2014-09-01 18:03:08,200
A39763,1000010,30,2014-09-01 18:03:12,800
D47516,1000010,30,2014-09-01 18:04:04,800
A43128,1000010,30,2014-09-01 18:04:07,1200
C37190,1000010,30,2014-09-01 18:04:13,600
B20337,1000010,30,2014-09-01 18:04:13,800
A61720,1000010,30,2014-09-01 18:04:17,600
D53805,1000010,30,2014-09-01 18:04:20,700
A40563,1000010,30,2014-09-01 18:05:26,600
A71052,1000010,30,2014-09-01 18:05:34,150
D72318,1000010,30,2014-09-01 18:06:38,150
D78753,1000010,30,2014-09-01 18:06:40,150
B79555,1000010,30,2014-09-01 18:07:44,500
A40429,1000010,30,2014-09-01 18:07:47,1000
E43220,1000010,30,2014-09-01 18:07:58,1000
D78676,1000010,30,2014-09-01 18:08:01,600
E56939,1000010,30,2014-09-01 18:08:04,100
E28191,1000010,30,2014-09-01 18:08:07,800
C72458,1000010,30,2014-09-01 18:08:59,800
A30439,1000010,30,2014-09-01 18:09:03,500
C48140,1000010,30,2014-09-01 18:09:04,600
E22956,1000010,30,2014-09-01 18:09:06,500
D64364,1000010,30,2014-09-01 18:09:07,700
C68473,1000010,30,2014-09-01 18:09:10,700
E22956,1000010,30,2014-09-01 18:09:22,150
A76465,1000010,30,2014-09-01 18:10:28,400
E68085,1000010,30,2014-09-01 18:12:58,500
B55213,1000010,30,2014-09-01 18:13:48,600
A68376,1000010,30,2014-09-01 18:15:11,800
C67319,1000010,30,2014-09-01 18:16:08,600
C44798,1000010,30,2014-09-01 18:21:23,700
C77556,1000010,30,2014-09-01 18:21:33,150
A79201,1000010,30,2014-09-01 18:26:41,600
E67706,1000010,30,2014-09-01 18:30:38,500
E46161,1000010,30,2014-09-01 18:31:58,800
A42325,1000010,30,2014-09-01 18:33:55,600
C61003,1000010,30,2014-09-01 18:33:57,600
E77363,1000010,30,2014-09-01 18:34:51,500
E60926,1000010,30,2014-09-01 18:35:53,500
A68366,1000010,30,2014-09-01 18:37:46,100
A68366,1000010,30,2014-09-01 18:37:59,500
C69140,1000010,30,2014-09-01 18:49:03,100
E26227,1000010,30,2014-09-02 05:57:27,400
E77474,1000010,30,2014-09-02 06:04:24,500
C65362,1000010,30,2014-09-02 06:08:31,500
C65362,1000010,30,2014-09-02 06:08:33,150
D78234,1000010,30,2014-09-02 06:08:34,300
E29946,1000010,30,2014-09-02 06:08:40,100
B78055,1000010,30,2014-09-02 06:11:26,400
E75811,1000010,30,2014-09-02 06:12:33,100
E70848,1000010,30,2014-09-02 06:12:34,400
B79342,1000010,30,2014-09-02 06:12:34,400
D62238,1000010,30,2014-09-02 06:12:39,400
B40315,1000010,30,2014-09-02 06:12:42,100
E75804,1000010,30,2014-09-02 06:12:46,400
B47675,1000010,30,2014-09-02 06:13:29,250
B68135,1000010,30,2014-09-02 06:13:30,400
E70568,1000010,30,2014-09-02 06:13:32,400
B42387,1000010,30,2014-09-02 06:13:34,250
B42387,1000010,30,2014-09-02 06:13:34,150
D70303,1000010,30,2014-09-02 06:13:35,150
A71807,1000010,30,2014-09-02 06:13:35,100
D76806,1000010,30,2014-09-02 06:13:36,150
E72290,1000010,30,2014-09-02 06:13:38,400
A45480,1000010,30,2014-09-02 06:13:38,400
D76806,1000010,30,2014-09-02 06:13:39,250
D41095,1000010,30,2014-09-02 06:13:40,650
A33651,1000010,30,2014-09-02 06:13:40,250
E63023,1000010,30,2014-09-02 06:13:41,150
A65997,1000010,30,2014-09-02 06:13:43,300
C77043,1000010,30,2014-09-02 06:13:43,400
D79526,1000010,30,2014-09-02 06:13:44,120
C73254,1000010,30,2014-09-02 06:13:44,200
A72832,1000010,30,2014-09-02 06:13:45,250
E71578,1000010,30,2014-09-02 06:13:47,250
A43262,1000010,30,2014-09-02 06:14:37,100
A36071,1000010,30,2014-09-02 06:14:37,250
E68903,1000010,30,2014-09-02 06:14:39,50
B61949,1000010,30,2014-09-02 06:14:43,400
B50715,1000010,30,2014-09-02 06:14:45,150
C78672,1000010,30,2014-09-02 06:14:45,260
A45044,1000010,30,2014-09-02 06:14:46,170
C71297,1000010,30,2014-09-02 06:14:46,400
E48721,1000010,30,2014-09-02 06:14:46,400
C71297,1000010,30,2014-09-02 06:14:47,400
C14715,1000010,30,2014-09-02 06:14:48,400
B76933,1000010,30,2014-09-02 06:14:48,250
D77490,1000010,30,2014-09-02 06:14:50,250
D79383,1000010,30,2014-09-02 06:14:51,400
D76095,1000010,30,2014-09-02 06:14:53,400
D76983,1000010,30,2014-09-02 06:14:53,400
B57374,1000010,30,2014-09-02 06:14:57,150
C48032,1000010,30,2014-09-02 06:14:58,120
D78381,1000010,30,2014-09-02 06:15:03,100
E68764,1000010,30,2014-09-02 06:15:47,400
D75349,1000010,30,2014-09-02 06:15:48,100
A53984,1000010,30,2014-09-02 06:15:52,150
A53984,1000010,30,2014-09-02 06:15:55,150
E45284,1000010,30,2014-09-02 06:15:56,120
B75562,1000010,30,2014-09-02 06:15:56,500
D79429,1000010,30,2014-09-02 06:15:58,250
A78950,1000010,30,2014-09-02 06:15:59,400
A76626,1000010,30,2014-09-02 06:15:59,200
A48447,1000010,30,2014-09-02 06:15:59,250
E72997,1000010,30,2014-09-02 06:16:00,400
B75686,1000010,30,2014-09-02 06:16:03,500
D75349,1000010,30,2014-09-02 06:16:04,150
A60459,1000010,30,2014-09-02 06:16:05,250
A60459,1000010,30,2014-09-02 06:16:05,150
A74995,1000010,30,2014-09-02 06:16:07,450
B69720,1000010,30,2014-09-02 06:16:07,400
B35357,1000010,30,2014-09-02 06:16:08,250
A74995,1000010,30,2014-09-02 06:16:10,400
B35357,1000010,30,2014-09-02 06:16:11,150
B60351,1000010,30,2014-09-02 06:16:25,320
E79248,1000010,30,2014-09-02 06:16:29,350
D69479,1000010,30,2014-09-02 06:16:30,400
B45749,1000010,30,2014-09-02 06:17:16,650
B64099,1000010,30,2014-09-02 06:17:16,570
D73337,1000010,30,2014-09-02 06:17:24,250
E69358,1000010,30,2014-09-02 06:17:25,400
A71770,1000010,30,2014-09-02 06:17:26,400
E26930,1000010,30,2014-09-02 06:17:28,270
D77319,1000010,30,2014-09-02 06:17:28,250
C48415,1000010,30,2014-09-02 06:17:28,400
B20511,1000010,30,2014-09-02 06:17:28,150
D24008,1000010,30,2014-09-02 06:17:29,300
A48466,1000010,30,2014-09-02 06:17:29,150
E56023,1000010,30,2014-09-02 06:17:30,650
D75098,1000010,30,2014-09-02 06:17:32,500
D73337,1000010,30,2014-09-02 06:17:35,150
C48032,1000010,30,2014-09-02 06:17:36,150
A62092,1000010,30,2014-09-02 06:17:39,650
D61446,1000010,30,2014-09-02 06:17:41,150
B45295,1000010,30,2014-09-02 06:17:42,400
D57969,1000010,30,2014-09-02 06:17:43,70
D38327,1000010,30,2014-09-02 06:17:45,150
C61163,1000010,30,2014-09-02 06:18:32,500
A34585,1000010,30,2014-09-02 06:18:33,70
B71814,1000010,30,2014-09-02 06:18:38,350
E49242,1000010,30,2014-09-02 06:18:40,400
A36242,1000010,30,2014-09-02 06:18:40,400
A42406,1000010,30,2014-09-02 06:18:40,350
E57409,1000010,30,2014-09-02 06:18:41,400
B71814,1000010,30,2014-09-02 06:18:41,250
B25135,1000010,30,2014-09-02 06:18:41,650
B68208,1000010,30,2014-09-02 06:18:42,400
E62515,1000010,30,2014-09-02 06:18:43,500
D68786,1000010,30,2014-09-02 06:18:46,400
A76861,1000010,30,2014-09-02 06:18:46,400
D58502,1000010,30,2014-09-02 06:18:48,150
B79039,1000010,30,2014-09-02 06:18:48,700
D67595,1000010,30,2014-09-02 06:18:49,650
A60516,1000010,30,2014-09-02 06:18:49,650
D36713,1000010,30,2014-09-02 06:18:51,650
B34493,1000010,30,2014-09-02 06:18:51,350
C46668,1000010,30,2014-09-02 06:18:52,400
B25135,1000010,30,2014-09-02 06:18:56,650
E60188,1000010,30,2014-09-02 06:18:56,400
A60516,1000010,30,2014-09-02 06:18:57,650
A78498,1000010,30,2014-09-02 06:18:57,400
C52243,1000010,30,2014-09-02 06:18:57,400
E62515,1000010,30,2014-09-02 06:19:00,150
A70605,1000010,30,2014-09-02 06:19:03,250
A75016,1000010,30,2014-09-02 06:19:06,400
D69869,1000010,30,2014-09-02 06:19:50,500
D78506,1000010,30,2014-09-02 06:19:54,350
A26312,1000010,30,2014-09-02 06:19:55,400
E30824,1000010,30,2014-09-02 06:20:01,400
E72999,1000010,30,2014-09-02 06:20:01,250
C69073,1000010,30,2014-09-02 06:20:01,400
E77005,1000010,30,2014-09-02 06:20:02,250
E51219,1000010,30,2014-09-02 06:20:02,150
B72129,1000010,30,2014-09-02 06:20:04,250
D67570,1000010,30,2014-09-02 06:20:08,650
A65795,1000010,30,2014-09-02 06:20:09,570
E71437,1000010,30,2014-09-02 06:20:09,650
B69338,1000010,30,2014-09-02 06:20:10,300
E61391,1000010,30,2014-09-02 06:20:10,650
E77005,1000010,30,2014-09-02 06:20:11,150
D68472,1000010,30,2014-09-02 06:20:11,550
D45307,1000010,30,2014-09-02 06:20:13,700
E70631,1000010,30,2014-09-02 06:20:13,150
B59928,1000010,30,2014-09-02 06:20:14,500
A35583,1000010,30,2014-09-02 06:20:15,500
C71340,1000010,30,2014-09-02 06:20:17,400
A56381,1000010,30,2014-09-02 06:20:17,300
A34964,1000010,30,2014-09-02 06:20:18,650
E54733,1000010,30,2014-09-02 06:20:19,400
A46715,1000010,30,2014-09-02 06:20:19,400
D61571,1000010,30,2014-09-02 06:20:21,350
C74118,1000010,30,2014-09-02 06:20:21,400
D48303,1000010,30,2014-09-02 06:20:27,720
C52600,1000010,30,2014-09-02 06:20:29,400
C66420,1000010,30,2014-09-02 06:21:20,650
D21125,1000010,30,2014-09-02 06:21:26,700
E42921,1000010,30,2014-09-02 06:21:27,650
E43451,1000010,30,2014-09-02 06:21:28,250
D48303,1000010,30,2014-09-02 06:21:29,500
C70217,1000010,30,2014-09-02 06:21:30,400
E73639,1000010,30,2014-09-02 06:21:31,500
D75460,1000010,30,2014-09-02 06:21:31,400
A37888,1000010,30,2014-09-02 06:21:32,400
E52848,1000010,30,2014-09-02 06:21:33,250
D78927,1000010,30,2014-09-02 06:21:34,400
D48303,1000010,30,2014-09-02 06:21:35,100
D49798,1000010,30,2014-09-02 06:21:35,250
C50975,1000010,30,2014-09-02 06:21:39,500
E24593,1000010,30,2014-09-02 06:21:44,400
D58683,1000010,30,2014-09-02 06:21:49,400
E24593,1000010,30,2014-09-02 06:21:50,250
E52848,1000010,30,2014-09-02 06:21:50,100
E75775,1000010,30,2014-09-02 06:21:52,800
A75646,1000010,30,2014-09-02 06:21:52,300
D70812,1000010,30,2014-09-02 06:22:40,400
D55935,1000010,30,2014-09-02 06:22:44,400
D71703,1000010,30,2014-09-02 06:22:44,500
D71703,1000010,30,2014-09-02 06:22:47,200
A67336,1000010,30,2014-09-02 06:22:48,400
C68500,1000010,30,2014-09-02 06:22:48,300
B55019,1000010,30,2014-09-02 06:22:50,250
A76298,1000010,30,2014-09-02 06:22:51,450
E46195,1000010,30,2014-09-02 06:22:52,500
B79410,1000010,30,2014-09-02 06:22:53,250
D49798,1000010,30,2014-09-02 06:22:53,70
C70151,1000010,30,2014-09-02 06:22:55,400
D25229,1000010,30,2014-09-02 06:22:56,100
D61571,1000010,30,2014-09-02 06:22:57,150
C76665,1000010,30,2014-09-02 06:22:58,250
B32357,1000010,30,2014-09-02 06:23:00,300
A77201,1000010,30,2014-09-02 06:23:01,500
B57096,1000010,30,2014-09-02 06:23:03,250
D79296,1000010,30,2014-09-02 06:23:06,650
D73606,1000010,30,2014-09-02 06:23:08,500
B79410,1000010,30,2014-09-02 06:23:51,150
C78350,1000010,30,2014-09-02 06:23:57,250
D76697,1000010,30,2014-09-02 06:23:59,500
C78350,1000010,30,2014-09-02 06:24:01,140
A50176,1000010,30,2014-09-02 06:24:03,550
D67452,1000010,30,2014-09-02 06:26:17,400
E76581,1000010,30,2014-09-02 06:27:11,400
B63153,1000010,30,2014-09-02 06:28:17,400
A77352,1000010,30,2014-09-02 06:28:22,250
B33273,1000010,30,2014-09-02 06:28:25,400
B56996,1000010,30,2014-09-02 06:28:26,250
B71594,1000010,30,2014-09-02 06:28:29,400
A77134,1000010,30,2014-09-02 06:28:34,650
A70240,1000010,30,2014-09-02 06:28:39,400
B75060,1000010,30,2014-09-02 06:29:29,250
B79070,1000010,30,2014-09-02 06:29:37,100
E67766,1000010,30,2014-09-02 06:29:38,400
A38952,1000010,30,2014-09-02 06:29:42,250
C39126,1000010,30,2014-09-02 06:29:47,650
A59322,1000010,30,2014-09-02 06:29:48,250
D61571,1000010,30,2014-09-02 06:30:46,500
C65574,1000010,30,2014-09-02 06:30:47,250
D63289,1000010,30,2014-09-02 06:30:55,150
B75885,1000010,30,2014-09-02 06:31:03,250
E78560,1000010,30,2014-09-02 06:31:10,250
C77573,1000010,30,2014-09-02 06:31:59,100
E66228,1000010,30,2014-09-02 06:32:07,250
A49797,1000010,30,2014-09-02 06:32:20,100
E37583,1000010,30,2014-09-02 06:33:07,250
C41948,1000010,30,2014-09-02 06:33:17,100
E68587,1000010,30,2014-09-02 06:33:22,250
E66228,1000010,30,2014-09-02 06:33:29,200
A47703,1000010,30,2014-09-02 06:34:16,400
D71723,1000010,30,2014-09-02 06:34:20,250
A60943,1000010,30,2014-09-02 06:34:20,150
E77325,1000010,30,2014-09-02 06:34:21,250
A73621,1000010,30,2014-09-02 06:34:28,250
A73621,1000010,30,2014-09-02 06:35:44,300
B69364,1000010,30,2014-09-02 06:35:46,400
E40071,1000010,30,2014-09-02 06:36:36,340
B46848,1000010,30,2014-09-02 06:36:38,650
B38306,1000010,30,2014-09-02 06:36:39,400
E40071,1000010,30,2014-09-02 06:36:39,10
D76587,1000010,30,2014-09-02 06:36:39,250
E62455,1000010,30,2014-09-02 06:36:39,250
A61715,1000010,30,2014-09-02 06:36:40,200
B50479,1000010,30,2014-09-02 06:36:40,350
E59524,1000010,30,2014-09-02 06:36:41,250
A50059,1000010,30,2014-09-02 06:36:42,400
D71401,1000010,30,2014-09-02 06:36:43,100
E79328,1000010,30,2014-09-02 06:36:44,250
C65179,1000010,30,2014-09-02 06:36:46,350
C49471,1000010,30,2014-09-02 06:36:47,650
C78972,1000010,30,2014-09-02 06:36:48,250
E79328,1000010,30,2014-09-02 06:36:54,150
C22743,1000010,30,2014-09-02 06:37:01,350
C73306,1000010,30,2014-09-02 06:37:50,400
C16489,1000010,30,2014-09-02 06:37:54,400
D71401,1000010,30,2014-09-02 06:37:55,150
C55602,1000010,30,2014-09-02 06:37:55,250
B37216,1000010,30,2014-09-02 06:37:59,150
A33949,1000010,30,2014-09-02 06:38:06,450
A33949,1000010,30,2014-09-02 06:38:07,250
E67811,1000010,30,2014-09-02 06:38:15,150
C73306,1000010,30,2014-09-02 06:39:07,70
E75291,1000010,30,2014-09-02 06:39:12,400
D69471,1000010,30,2014-09-02 06:39:20,100
A61701,1000010,30,2014-09-02 06:40:17,400
C22743,1000010,30,2014-09-02 06:41:24,200
C74845,1000010,30,2014-09-02 06:41:35,250
C55210,1000010,30,2014-09-02 06:41:36,250
B76123,1000010,30,2014-09-02 06:42:39,200
E50593,1000010,30,2014-09-02 06:42:43,250
A59823,1000010,30,2014-09-02 06:42:47,650
E50947,1000010,30,2014-09-02 06:42:47,650
E43756,1000010,30,2014-09-02 06:42:48,650
D28851,1000010,30,2014-09-02 06:42:49,350
A52028,1000010,30,2014-09-02 06:42:51,250
B17995,1000010,30,2014-09-02 06:42:53,250
C74121,1000010,30,2014-09-02 06:42:58,250
A75841,1000010,30,2014-09-02 06:42:58,50
D52617,1000010,30,2014-09-02 06:42:58,500
C77508,1000010,30,2014-09-02 06:42:59,50
C77508,1000010,30,2014-09-02 06:43:00,200
C51627,1000010,30,2014-09-02 06:43:03,270
C29843,1000010,30,2014-09-02 06:43:03,200
C77508,1000010,30,2014-09-02 06:43:04,200
D74354,1000010,30,2014-09-02 06:43:05,200
E69825,1000010,30,2014-09-02 06:43:05,250
D74543,1000010,30,2014-09-02 06:43:06,700
B17995,1000010,30,2014-09-02 06:43:07,250
A68430,1000010,30,2014-09-02 06:43:09,150
D19619,1000010,30,2014-09-02 06:43:09,250
C77556,1000010,30,2014-09-02 06:43:11,150
B47510,1000010,30,2014-09-02 06:43:11,250
D53998,1000010,30,2014-09-02 06:43:13,200
B60363,1000010,30,2014-09-02 06:43:17,250
E24945,1000010,30,2014-09-02 06:43:18,200
A58435,1000010,30,2014-09-02 06:43:21,250
D41198,1000010,30,2014-09-02 06:43:22,400
E79035,1000010,30,2014-09-02 06:44:03,100
B47510,1000010,30,2014-09-02 06:44:08,150
C38854,1000010,30,2014-09-02 06:44:10,250
B72569,1000010,30,2014-09-02 06:44:12,150
C60490,1000010,30,2014-09-02 06:44:21,250
D73483,1000010,30,2014-09-02 06:44:22,350
E71644,1000010,30,2014-09-02 06:44:22,350
C22041,1000010,30,2014-09-02 06:44:23,250
A54930,1000010,30,2014-09-02 06:44:23,850
A36704,1000010,30,2014-09-02 06:44:24,400
A58948,1000010,30,2014-09-02 06:44:25,250
D64680,1000010,30,2014-09-02 06:44:27,100
D64680,1000010,30,2014-09-02 06:44:30,50
B69364,1000010,30,2014-09-02 06:44:30,500
C77556,1000010,30,2014-09-02 06:44:32,150
C58646,1000010,30,2014-09-02 06:44:33,250
E33841,1000010,30,2014-09-02 06:44:34,100
D79209,1000010,30,2014-09-02 06:45:30,350
E70147,1000010,30,2014-09-02 06:45:34,500
A54930,1000010,30,2014-09-02 06:45:34,350
B46691,1000010,30,2014-09-02 06:45:35,100
C62050,1000010,30,2014-09-02 06:45:40,250
D62872,1000010,30,2014-09-02 06:45:41,450
D59632,1000010,30,2014-09-02 06:45:45,150
B23506,1000010,30,2014-09-02 06:46:45,300
B23506,1000010,30,2014-09-02 06:46:48,70
C72185,1000010,30,2014-09-02 06:46:49,150
C72185,1000010,30,2014-09-02 06:46:51,250
E64863,1000010,30,2014-09-02 06:48:53,650
D53791,1000010,30,2014-09-02 06:49:53,250
E44860,1000010,30,2014-09-02 06:49:54,300
C63451,1000010,30,2014-09-02 06:49:55,650
D74644,1000010,30,2014-09-02 06:49:59,250
C61766,1000010,30,2014-09-02 06:49:59,400
D75527,1000010,30,2014-09-02 06:50:01,150
C69261,1000010,30,2014-09-02 06:50:05,250
E46774,1000010,30,2014-09-02 06:50:53,200
A60185,1000010,30,2014-09-02 06:50:54,350
B46751,1000010,30,2014-09-02 06:51:02,650
C65081,1000010,30,2014-09-02 06:51:03,250
B75387,1000010,30,2014-09-02 06:51:03,650
B53988,1000010,30,2014-09-02 06:51:05,500
B49262,1000010,30,2014-09-02 06:51:05,250
C69261,1000010,30,2014-09-02 06:51:08,200
E70228,1000010,30,2014-09-02 06:51:09,150
A44957,1000010,30,2014-09-02 06:51:12,200
C54875,1000010,30,2014-09-02 06:51:13,250
B53988,1000010,30,2014-09-02 06:51:14,150
D62086,1000010,30,2014-09-02 06:51:17,200
E24249,1000010,30,2014-09-02 06:51:20,150
C60521,1000010,30,2014-09-02 06:51:21,250
D76657,1000010,30,2014-09-02 06:52:03,500
E50983,1000010,30,2014-09-02 06:52:05,250
E71661,1000010,30,2014-09-02 06:52:05,400
B79475,1000010,30,2014-09-02 06:52:09,250
C60521,1000010,30,2014-09-02 06:52:09,150
D60977,1000010,30,2014-09-02 06:52:10,200
B76338,1000010,30,2014-09-02 06:52:11,650
C59654,1000010,30,2014-09-02 06:52:14,150
D42215,1000010,30,2014-09-02 06:52:15,250
D59999,1000010,30,2014-09-02 06:52:16,500
B65284,1000010,30,2014-09-02 06:52:17,250
B42426,1000010,30,2014-09-02 06:52:20,150
B54371,1000010,30,2014-09-02 06:52:22,1500
E55959,1000010,30,2014-09-02 06:52:24,250
A68376,1000010,30,2014-09-02 06:52:26,250
B29207,1000010,30,2014-09-02 06:52:27,150
B65207,1000010,30,2014-09-02 06:53:18,400
C47688,1000010,30,2014-09-02 06:53:19,100
B65663,1000010,30,2014-09-02 06:53:19,150
D42215,1000010,30,2014-09-02 06:53:21,150
C71731,1000010,30,2014-09-02 06:53:21,350
A79528,1000010,30,2014-09-02 06:53:22,350
E67218,1000010,30,2014-09-02 06:53:29,500
A66049,1000010,30,2014-09-02 06:53:32,200
E57605,1000010,30,2014-09-02 06:53:33,150
B59603,1000010,30,2014-09-02 06:53:35,500
B55213,1000010,30,2014-09-02 06:54:18,150
C59654,1000010,30,2014-09-02 06:54:18,150
E66473,1000010,30,2014-09-02 06:54:21,300
D32129,1000010,30,2014-09-02 06:54:22,150
D78676,1000010,30,2014-09-02 06:54:39,400
B79604,1000010,30,2014-09-02 06:55:22,500
C71731,1000010,30,2014-09-02 06:55:24,200
B65284,1000010,30,2014-09-02 06:56:24,150
C73028,1000010,30,2014-09-02 06:56:37,250
D25572,1000010,30,2014-09-02 06:57:33,500
A61654,1000010,30,2014-09-02 06:57:43,250
D58927,1000010,30,2014-09-02 07:00:41,250
B46751,1000010,30,2014-09-02 07:01:44,150
C33100,1000010,30,2014-09-02 07:01:52,100
E16466,1000010,30,2014-09-02 07:03:51,200
D73899,1000010,30,2014-09-02 07:03:57,250
D78011,1000010,30,2014-09-02 07:04:47,650
E72848,1000010,30,2014-09-02 07:04:56,250
D56195,1000010,30,2014-09-02 07:09:47,250
A18574,1000010,30,2014-09-02 07:12:00,250
C34392,1000010,30,2014-09-02 07:15:59,500
A16331,1000010,30,2014-09-02 07:23:18,200
C27979,1000010,30,2014-09-02 07:24:12,250
D66240,1000010,30,2014-09-02 07:27:09,250
E65697,1000010,30,2014-09-02 07:29:28,250
D59889,1000010,30,2014-09-02 07:30:28,250
A39613,1000010,30,2014-09-02 07:32:28,250
E52192,1000010,30,2014-09-02 07:34:21,250
C74163,1000010,30,2014-09-02 07:37:40,250
B74938,1000010,30,2014-09-02 07:38:23,250
B74938,1000010,30,2014-09-02 07:39:27,150
E54537,1000010,30,2014-09-02 07:43:48,250
E54537,1000010,30,2014-09-02 07:44:31,200
D73569,1000010,30,2014-09-02 07:45:50,250
D73569,1000010,30,2014-09-02 07:46:36,150
B78728,1000010,30,2014-09-02 07:46:37,150
B78728,1000010,30,2014-09-02 07:46:46,250
A65358,1000010,30,2014-09-02 07:50:48,250
C45697,1000010,30,2014-09-02 07:51:50,300
B79455,1000010,30,2014-09-02 07:51:56,300
B79455,1000010,30,2014-09-02 07:52:45,150
C45697,1000010,30,2014-09-02 07:52:46,250
E61594,1000010,30,2014-09-02 07:52:50,250
C55951,1000010,30,2014-09-02 07:52:51,100
C26546,1000010,30,2014-09-02 07:52:53,300
C45697,1000010,30,2014-09-02 07:52:54,250
A21274,1000010,30,2014-09-02 07:52:58,350
E61594,1000010,30,2014-09-02 07:54:04,150
B67488,1000010,30,2014-09-02 07:55:01,250
C72772,1000010,30,2014-09-02 07:56:14,250
E48036,1000010,30,2014-09-02 07:57:12,250
A65814,1000010,30,2014-09-02 07:58:14,300
C45269,1000010,30,2014-09-02 07:59:07,250
C79371,1000010,30,2014-09-02 08:00:15,250
D69417,1000010,30,2014-09-02 08:01:15,100
A71630,1000010,30,2014-09-02 08:03:21,250
C65118,1000010,30,2014-09-02 08:03:28,250
E27158,1000010,30,2014-09-02 08:04:36,250
A69706,1000010,30,2014-09-02 08:05:38,70
D65530,1000010,30,2014-09-02 08:05:44,200
A79201,1000010,30,2014-09-02 08:06:39,300
D59747,1000010,30,2014-09-02 08:07:55,250
D59747,1000010,30,2014-09-02 08:08:48,150
D23709,1000010,30,2014-09-02 08:08:58,250
D23709,1000010,30,2014-09-02 08:09:00,250
E59635,1000010,30,2014-09-02 08:13:05,250
D55722,1000010,30,2014-09-02 08:13:06,250
E59635,1000010,30,2014-09-02 08:13:27,150
B62370,1000010,30,2014-09-02 08:14:14,500
A66292,1000010,30,2014-09-02 08:14:19,100
C71255,1000010,30,2014-09-02 08:16:30,200
E77764,1000010,30,2014-09-02 08:17:44,250
B75533,1000010,30,2014-09-02 08:21:53,250
E77211,1000010,30,2014-09-02 08:22:10,100
C15854,1000010,30,2014-09-02 08:23:04,250
C50404,1000010,30,2014-09-02 08:26:18,250
E58472,1000010,30,2014-09-02 08:26:21,250
E74410,1000010,30,2014-09-02 08:26:32,250
C70972,1000010,30,2014-09-02 08:29:37,350
E48575,1000010,30,2014-09-02 08:29:46,350
B48115,1000010,30,2014-09-02 08:29:47,100
E19178,1000010,30,2014-09-02 08:31:56,100
E61421,1000010,30,2014-09-02 08:33:58,250
E61421,1000010,30,2014-09-02 08:34:08,150
E25980,1000010,30,2014-09-02 08:34:12,200
E73204,1000010,30,2014-09-02 08:34:58,100
D69550,1000010,30,2014-09-02 08:35:07,250
E35782,1000010,30,2014-09-02 08:35:14,220
A25573,1000010,30,2014-09-02 08:36:10,250
D45951,1000010,30,2014-09-02 08:39:09,350
B64803,1000010,30,2014-09-02 08:39:11,100
C22842,1000010,30,2014-09-02 08:39:16,250
C61745,1000010,30,2014-09-02 08:40:14,250
D39730,1000010,30,2014-09-02 08:40:22,100
E41312,1000010,30,2014-09-02 08:40:26,200
C22842,1000010,30,2014-09-02 08:40:32,150
A64646,1000010,30,2014-09-02 08:44:30,500
B64097,1000010,30,2014-09-02 08:44:34,250
A75552,1000010,30,2014-09-02 08:47:58,250
A75552,1000010,30,2014-09-02 08:50:00,150
B30391,1000010,30,2014-09-02 08:50:02,250
B30391,1000010,30,2014-09-02 08:50:08,250
E49437,1000010,30,2014-09-02 08:52:58,500
E24504,1000010,30,2014-09-02 08:54:00,250
B53295,1000010,30,2014-09-02 08:54:05,100
D60172,1000010,30,2014-09-02 08:55:00,420
C15606,1000010,30,2014-09-02 08:55:10,250
D57597,1000010,30,2014-09-02 08:57:05,100
D74747,1000010,30,2014-09-02 08:58:09,100
A32610,1000010,30,2014-09-02 08:58:16,150
D76819,1000010,30,2014-09-02 08:58:22,250
E33137,1000010,30,2014-09-02 09:04:26,250
C14611,1000010,30,2014-09-02 09:05:26,150
E60182,1000010,30,2014-09-02 09:05:34,150
C14611,1000010,30,2014-09-02 09:06:35,70
D76819,1000010,30,2014-09-02 09:06:38,250
B68254,1000010,30,2014-09-02 09:07:35,150
B68254,1000010,30,2014-09-02 09:07:42,250
A46598,1000010,30,2014-09-02 09:09:35,250
E71720,1000010,30,2014-09-02 09:09:45,220
B46992,1000010,30,2014-09-02 09:10:34,250
B42572,1000010,30,2014-09-02 09:10:39,300
D28071,1000010,30,2014-09-02 09:18:52,250
C42444,1000010,30,2014-09-02 09:19:43,250
D62301,1000010,30,2014-09-02 09:19:44,150
E55762,1000010,30,2014-09-02 09:21:53,100
A66884,1000010,30,2014-09-02 09:22:47,200
E76133,1000010,30,2014-09-02 09:42:56,1300
D35514,1000010,30,2014-09-02 09:43:02,1300
E61778,1000010,30,2014-09-02 09:43:03,1200
A42707,1000010,30,2014-09-02 09:47:01,100
D62120,1000010,30,2014-09-02 09:47:13,100
D62120,1000010,30,2014-09-02 09:48:07,500
A42707,1000010,30,2014-09-02 09:48:08,500
E65464,1000010,30,2014-09-02 10:36:25,200
E65464,1000010,30,2014-09-02 10:37:18,500
A69706,1000010,30,2014-09-02 10:41:27,100
C66455,1000010,30,2014-09-02 10:41:42,1200
E74629,1000010,30,2014-09-02 10:45:41,500
B34862,1000010,30,2014-09-02 10:51:05,800
C37160,1000010,30,2014-09-02 10:54:04,700
C53337,1000010,30,2014-09-02 10:55:24,300
C54868,1000010,30,2014-09-02 10:56:23,500
A14187,1000010,30,2014-09-02 10:56:26,600
E75773,1000010,30,2014-09-02 10:56:26,800
B34479,1000010,30,2014-09-02 10:56:31,1300
D76983,1000010,30,2014-09-02 10:56:32,150
E42440,1000010,30,2014-09-02 10:56:32,800
E74066,1000010,30,2014-09-02 10:56:32,600
A58343,1000010,30,2014-09-02 10:56:35,700
B50715,1000010,30,2014-09-02 10:56:39,150
C59697,1000010,30,2014-09-02 10:56:42,600
B77995,1000010,30,2014-09-02 10:56:46,800
B79506,1000010,30,2014-09-02 10:56:46,800
D72194,1000010,30,2014-09-02 10:56:49,500
B75686,1000010,30,2014-09-02 10:57:37,450
C32848,1000010,30,2014-09-02 10:57:39,500
E54797,1000010,30,2014-09-02 10:57:39,800
D75098,1000010,30,2014-09-02 10:57:46,500
E54797,1000010,30,2014-09-02 10:57:53,800
D42534,1000010,30,2014-09-02 10:57:53,600
A78021,1000010,30,2014-09-02 10:57:55,800
D77490,1000010,30,2014-09-02 10:57:58,800
D75098,1000010,30,2014-09-02 10:58:01,700
B67678,1000010,30,2014-09-02 10:58:04,700
A36071,1000010,30,2014-09-02 10:58:16,500
B61949,1000010,30,2014-09-02 10:59:05,600
A58343,1000010,30,2014-09-02 10:59:08,150
D61571,1000010,30,2014-09-02 10:59:10,800
A64125,1000010,30,2014-09-02 10:59:10,550
E24594,1000010,30,2014-09-02 10:59:18,650
D75041,1000010,30,2014-09-02 10:59:20,150
A79312,1000010,30,2014-09-02 10:59:23,800
B61949,1000010,30,2014-09-02 10:59:23,150
D72437,1000010,30,2014-09-02 10:59:24,1200
C34448,1000010,30,2014-09-02 10:59:27,150
A55306,1000010,30,2014-09-02 10:59:32,500
B60351,1000010,30,2014-09-02 10:59:43,450
D61388,1000010,30,2014-09-02 11:00:44,800
C37576,1000010,30,2014-09-02 11:00:50,800
C37576,1000010,30,2014-09-02 11:00:51,500
E61027,1000010,30,2014-09-02 11:02:04,550
D27956,1000010,30,2014-09-02 11:02:10,150
E28547,1000010,30,2014-09-02 11:02:15,1000
B30991,1000010,30,2014-09-02 11:02:35,550
B73044,1000010,30,2014-09-02 11:02:35,550
A71807,1000010,30,2014-09-02 11:03:34,500
B42387,1000010,30,2014-09-02 11:03:36,150
A72832,1000010,30,2014-09-02 11:03:43,1000
E71664,1000010,30,2014-09-02 11:03:43,800
B36467,1000010,30,2014-09-02 11:04:59,500
D78512,1000010,30,2014-09-02 11:05:11,1200
D25768,1000010,30,2014-09-02 11:05:22,700
C61597,1000010,30,2014-09-02 11:06:21,100
D77719,1000010,30,2014-09-02 11:06:21,600
A58997,1000010,30,2014-09-02 11:06:22,1200
B47208,1000010,30,2014-09-02 11:06:31,800
E47796,1000010,30,2014-09-02 11:06:31,1200
E58659,1000010,30,2014-09-02 11:06:36,700
A38313,1000010,30,2014-09-02 11:06:36,800
D25229,1000010,30,2014-09-02 11:06:39,700
E60115,1000010,30,2014-09-02 11:06:40,150
E77254,1000010,30,2014-09-02 11:07:56,800
C38517,1000010,30,2014-09-02 11:07:57,800
C54670,1000010,30,2014-09-02 11:07:58,1300
E47796,1000010,30,2014-09-02 11:08:10,800
C72662,1000010,30,2014-09-02 11:08:14,600
D77285,1000010,30,2014-09-02 11:09:10,150
E55519,1000010,30,2014-09-02 11:09:20,800
E77254,1000010,30,2014-09-02 11:09:24,200
B67125,1000010,30,2014-09-02 11:09:29,600
B60586,1000010,30,2014-09-02 11:09:29,1300
E67915,1000010,30,2014-09-02 11:09:32,450
E54819,1000010,30,2014-09-02 11:09:33,100
B68634,1000010,30,2014-09-02 11:09:36,800
E18344,1000010,30,2014-09-02 11:09:37,800
A33342,1000010,30,2014-09-02 11:10:41,800
C54670,1000010,30,2014-09-02 11:10:49,300
A33342,1000010,30,2014-09-02 11:11:01,700
D57997,1000010,30,2014-09-02 11:12:18,300
C74659,1000010,30,2014-09-02 11:13:28,600
C78878,1000010,30,2014-09-02 11:13:33,800
D65294,1000010,30,2014-09-02 11:13:35,150
C38424,1000010,30,2014-09-02 11:13:43,700
A78798,1000010,30,2014-09-02 11:13:53,550
D63270,1000010,30,2014-09-02 11:14:43,500
E66340,1000010,30,2014-09-02 11:14:49,1200
C77457,1000010,30,2014-09-02 11:14:55,1300
D77460,1000010,30,2014-09-02 11:14:57,600
E68000,1000010,30,2014-09-02 11:15:01,700
E55076,1000010,30,2014-09-02 11:15:02,700
B79314,1000010,30,2014-09-02 11:15:02,600
B44345,1000010,30,2014-09-02 11:16:29,100
B42478,1000010,30,2014-09-02 11:16:35,600
B34174,1000010,30,2014-09-02 11:18:01,450
E57025,1000010,30,2014-09-02 11:18:05,750
C27347,1000010,30,2014-09-02 11:18:12,800
A67336,1000010,30,2014-09-02 11:19:16,950
E57464,1000010,30,2014-09-02 11:19:23,450
B75595,1000010,30,2014-09-02 11:19:41,1300
A74101,1000010,30,2014-09-02 11:19:48,800
E79283,1000010,30,2014-09-02 11:20:42,800
D51202,1000010,30,2014-09-02 11:20:50,150
D36713,1000010,30,2014-09-02 11:20:53,500
A79254,1000010,30,2014-09-02 11:20:59,800
B62538,1000010,30,2014-09-02 11:20:59,800
B24517,1000010,30,2014-09-02 11:21:02,700
D36713,1000010,30,2014-09-02 11:21:03,500
C55926,1000010,30,2014-09-02 11:21:24,150
D78893,1000010,30,2014-09-02 11:21:30,700
D59503,1000010,30,2014-09-02 11:21:32,600
D78893,1000010,30,2014-09-02 11:21:33,150
D65235,1000010,30,2014-09-02 11:21:33,500
A79635,1000010,30,2014-09-02 11:21:36,700
D68472,1000010,30,2014-09-02 11:21:46,800
D65235,1000010,30,2014-09-02 11:21:55,400
B71463,1000010,30,2014-09-02 11:22:46,800
B73377,1000010,30,2014-09-02 11:22:49,800
B79140,1000010,30,2014-09-02 11:22:59,900
A76861,1000010,30,2014-09-02 11:24:54,700
A76861,1000010,30,2014-09-02 11:24:57,150
E77039,1000010,30,2014-09-02 11:26:28,800
C51564,1000010,30,2014-09-02 11:28:15,800
B60363,1000010,30,2014-09-02 11:28:18,700
E30383,1000010,30,2014-09-02 11:28:30,200
B55195,1000010,30,2014-09-02 11:28:43,700
D18427,1000010,30,2014-09-02 11:28:49,600
B55195,1000010,30,2014-09-02 11:29:52,150
E52802,1000010,30,2014-09-02 11:32:03,500
E46562,1000010,30,2014-09-02 11:32:13,500
B53778,1000010,30,2014-09-02 11:32:21,100
B17772,1000010,30,2014-09-02 11:37:23,600
B72569,1000010,30,2014-09-02 11:37:26,600
A40959,1000010,30,2014-09-02 11:37:35,800
E18182,1000010,30,2014-09-02 11:40:11,600
D27085,1000010,30,2014-09-02 11:41:41,600
E43340,1000010,30,2014-09-02 11:57:46,100
D62842,1000010,30,2014-09-02 12:12:28,450
B65663,1000010,30,2014-09-02 12:12:32,100
A63866,1000010,30,2014-09-02 12:18:55,100
D34367,1000010,30,2014-09-02 12:31:06,600
C40231,1000010,30,2014-09-02 16:47:04,150
C44402,1000010,30,2014-09-02 16:50:14,1500
B54912,1000010,30,2014-09-02 16:53:13,800
D60389,1000010,30,2014-09-02 16:56:18,500
B71989,1000010,30,2014-09-02 16:57:22,100
D56885,1000010,30,2014-09-02 16:57:39,550
C38338,1000010,30,2014-09-02 16:58:43,800
B71989,1000010,30,2014-09-02 16:59:30,700
E47796,1000010,30,2014-09-02 16:59:46,700
B71989,1000010,30,2014-09-02 16:59:47,100
E57957,1000010,30,2014-09-02 17:00:49,500
B50415,1000010,30,2014-09-02 17:01:48,100
E51540,1000010,30,2014-09-02 17:01:56,100
C64458,1000010,30,2014-09-02 17:02:52,1200
A42603,1000010,30,2014-09-02 17:02:56,700
A63811,1000010,30,2014-09-02 17:03:09,800
A42603,1000010,30,2014-09-02 17:04:03,100
B63147,1000010,30,2014-09-02 17:04:04,200
C44036,1000010,30,2014-09-02 17:04:06,600
C46870,1000010,30,2014-09-02 17:05:16,300
E63705,1000010,30,2014-09-02 17:06:18,500
D64780,1000010,30,2014-09-02 17:06:33,500
D64780,1000010,30,2014-09-02 17:06:33,500
D51865,1000010,30,2014-09-02 17:08:44,800
C56641,1000010,30,2014-09-02 17:08:53,600
C39293,1000010,30,2014-09-02 17:11:09,1500
A60567,1000010,30,2014-09-02 17:11:24,500
B57682,1000010,30,2014-09-02 17:11:29,600
A73250,1000010,30,2014-09-02 17:11:34,450
C48205,1000010,30,2014-09-02 17:12:43,600
B41636,1000010,30,2014-09-02 17:12:56,800
B41636,1000010,30,2014-09-02 17:13:44,1200
A40661,1000010,30,2014-09-02 17:13:54,700
D73891,1000010,30,2014-09-02 17:14:03,150
E70704,1000010,30,2014-09-02 17:14:10,450
B50364,1000010,30,2014-09-02 17:15:02,500
B44345,1000010,30,2014-09-02 17:15:15,100
E51540,1000010,30,2014-09-02 17:15:21,100
DE8231,1000010,30,2014-09-02 17:16:33,500
D60803,1000010,30,2014-09-02 17:16:36,650
B44345,1000010,30,2014-09-02 17:17:41,600
E71564,1000010,30,2014-09-02 17:19:05,1200
D56875,1000010,30,2014-09-02 17:19:06,700
D56875,1000010,30,2014-09-02 17:20:15,100
A75232,1000010,30,2014-09-02 17:20:30,1200
D43013,1000010,30,2014-09-02 17:21:24,600
D15990,1000010,30,2014-09-02 17:21:31,700
C57010,1000010,30,2014-09-02 17:23:52,650
C57624,1000010,30,2014-09-02 17:24:02,800
E44748,1000010,30,2014-09-02 17:25:10,1000
D33821,1000010,30,2014-09-02 17:26:10,600
E12924,1000010,30,2014-09-02 17:26:24,800
A58323,1000010,30,2014-09-02 17:26:34,100
D63098,1000010,30,2014-09-02 17:26:35,900
D65482,1000010,30,2014-09-02 17:27:44,600
A59578,1000010,30,2014-09-02 17:28:52,700
E65941,1000010,30,2014-09-02 17:28:53,300
D69272,1000010,30,2014-09-02 17:31:27,1200
B75093,1000010,30,2014-09-02 17:31:27,800
D51347,1000010,30,2014-09-02 17:31:34,600
C36775,1000010,30,2014-09-02 17:31:37,1000
D51347,1000010,30,2014-09-02 17:32:35,100
B72391,1000010,30,2014-09-02 17:33:43,600
D66968,1000010,30,2014-09-02 17:33:45,550
B60367,1000010,30,2014-09-02 17:33:54,600
C45092,1000010,30,2014-09-02 17:33:56,800
B60367,1000010,30,2014-09-02 17:34:55,600
C42199,1000010,30,2014-09-02 17:34:57,1000
A77678,1000010,30,2014-09-02 17:34:59,800
D58327,1000010,30,2014-09-02 17:35:00,1000
E60188,1000010,30,2014-09-02 17:35:01,650
E78289,1000010,30,2014-09-02 17:35:05,1200
A27231,1000010,30,2014-09-02 17:35:05,800
D58683,1000010,30,2014-09-02 17:35:07,800
D58270,1000010,30,2014-09-02 17:35:07,800
A42883,1000010,30,2014-09-02 17:35:08,600
D65235,1000010,30,2014-09-02 17:35:10,700
E60188,1000010,30,2014-09-02 17:35:11,150
D65235,1000010,30,2014-09-02 17:35:11,150
D78325,1000010,30,2014-09-02 17:35:12,1200
C76740,1000010,30,2014-09-02 17:35:14,800
A79464,1000010,30,2014-09-02 17:35:16,800
A77180,1000010,30,2014-09-02 17:35:17,800
B75498,1000010,30,2014-09-02 17:35:20,800
C76665,1000010,30,2014-09-02 17:35:29,1500
B71463,1000010,30,2014-09-02 17:36:10,800
C71340,1000010,30,2014-09-02 17:36:16,1100
E72330,1000010,30,2014-09-02 17:36:17,700
B57096,1000010,30,2014-09-02 17:36:17,600
C43812,1000010,30,2014-09-02 17:36:18,1500
E63747,1000010,30,2014-09-02 17:36:19,600
D55935,1000010,30,2014-09-02 17:36:21,600
D76713,1000010,30,2014-09-02 17:36:22,1200
E75775,1000010,30,2014-09-02 17:36:23,800
C74996,1000010,30,2014-09-02 17:36:24,1200
D76983,1000010,30,2014-09-02 17:36:26,800
A58188,1000010,30,2014-09-02 17:36:27,700
A42957,1000010,30,2014-09-02 17:36:27,100
D77626,1000010,30,2014-09-02 17:36:29,600
D23865,1000010,30,2014-09-02 17:36:29,600
C61597,1000010,30,2014-09-02 17:36:31,600
C64757,1000010,30,2014-09-02 17:36:31,600
D78893,1000010,30,2014-09-02 17:36:32,800
C69707,1000010,30,2014-09-02 17:36:32,100
C64831,1000010,30,2014-09-02 17:36:33,150
B32525,1000010,30,2014-09-02 17:36:35,700
E61391,1000010,30,2014-09-02 17:36:36,800
A63889,1000010,30,2014-09-02 17:36:37,1100
B47675,1000010,30,2014-09-02 17:36:38,600
B50715,1000010,30,2014-09-02 17:36:40,100
E68000,1000010,30,2014-09-02 17:36:41,100
C75428,1000010,30,2014-09-02 17:36:41,700
D79383,1000010,30,2014-09-02 17:36:44,700
D76095,1000010,30,2014-09-02 17:36:44,950
A78849,1000010,30,2014-09-02 17:36:52,250
D75559,1000010,30,2014-09-02 17:37:39,700
B47675,1000010,30,2014-09-02 17:37:43,200
E77385,1000010,30,2014-09-02 17:37:44,600
D69869,1000010,30,2014-09-02 17:37:46,100
E74066,1000010,30,2014-09-02 17:37:47,600
B24517,1000010,30,2014-09-02 17:37:53,800
A77525,1000010,30,2014-09-02 17:37:56,800
D67033,1000010,30,2014-09-02 17:37:57,500
A75251,1000010,30,2014-09-02 17:37:58,150
A60516,1000010,30,2014-09-02 17:37:58,800
B79572,1000010,30,2014-09-02 17:38:01,700
A77525,1000010,30,2014-09-02 17:38:02,150
E56992,1000010,30,2014-09-02 17:38:03,700
E60895,1000010,30,2014-09-02 17:38:03,600
E60895,1000010,30,2014-09-02 17:38:06,600
E70631,1000010,30,2014-09-02 17:38:08,600
A72832,1000010,30,2014-09-02 17:38:08,600
E69930,1000010,30,2014-09-02 17:38:10,600
D63259,1000010,30,2014-09-02 17:38:13,630
B70764,1000010,30,2014-09-02 17:38:14,800
B75160,1000010,30,2014-09-02 17:38:15,850
E56992,1000010,30,2014-09-02 17:38:18,450
B42387,1000010,30,2014-09-02 17:39:16,750
A78721,1000010,30,2014-09-02 17:39:19,800
A78721,1000010,30,2014-09-02 17:39:19,150
A73239,1000010,30,2014-09-02 17:39:24,800
E68903,1000010,30,2014-09-02 17:39:25,500
C74957,1000010,30,2014-09-02 17:39:27,100
D67033,1000010,30,2014-09-02 17:39:29,600
A78021,1000010,30,2014-09-02 17:39:39,950
D72437,1000010,30,2014-09-02 17:40:29,150
D79429,1000010,30,2014-09-02 17:40:32,950
A62092,1000010,30,2014-09-02 17:40:33,150
A69178,1000010,30,2014-09-02 17:40:34,600
D72437,1000010,30,2014-09-02 17:40:37,600
D75041,1000010,30,2014-09-02 17:40:38,800
A62092,1000010,30,2014-09-02 17:40:39,600
B49468,1000010,30,2014-09-02 17:40:41,600
D75041,1000010,30,2014-09-02 17:40:44,150
A69178,1000010,30,2014-09-02 17:40:45,150
A72909,1000010,30,2014-09-02 17:40:49,700
A72909,1000010,30,2014-09-02 17:41:44,100
A71807,1000010,30,2014-09-02 17:42:00,600
C43812,1000010,30,2014-09-02 17:42:50,150
D69479,1000010,30,2014-09-02 17:42:59,500
C69707,1000010,30,2014-09-02 17:43:04,100
A73375,1000010,30,2014-09-02 17:43:04,150
C13523,1000010,30,2014-09-02 17:43:04,100
E69358,1000010,30,2014-09-02 17:43:08,500
A73375,1000010,30,2014-09-02 17:43:10,500
A54518,1000010,30,2014-09-02 17:43:13,900
C13523,1000010,30,2014-09-02 17:43:14,100
D70252,1000010,30,2014-09-02 17:44:05,100
A79254,1000010,30,2014-09-02 17:44:09,550
B72034,1000010,30,2014-09-02 17:45:08,1200
D51385,1000010,30,2014-09-02 17:45:22,600
C57353,1000010,30,2014-09-02 17:45:26,1200
D48303,1000010,30,2014-09-02 17:46:22,1500
D51385,1000010,30,2014-09-02 17:46:27,150
C72102,1000010,30,2014-09-02 17:46:27,1200
D49453,1000010,30,2014-09-02 17:46:28,800
D76350,1000010,30,2014-09-02 17:46:29,800
C72982,1000010,30,2014-09-02 17:46:30,800
D34722,1000010,30,2014-09-02 17:46:31,800
C78032,1000010,30,2014-09-02 17:46:32,1300
E58659,1000010,30,2014-09-02 17:46:32,1150
D77192,1000010,30,2014-09-02 17:46:34,1000
D72540,1000010,30,2014-09-02 17:46:34,600
E69488,1000010,30,2014-09-02 17:46:35,800
E58659,1000010,30,2014-09-02 17:46:36,400
A77678,1000010,30,2014-09-02 17:46:39,100
D25229,1000010,30,2014-09-02 17:46:39,650
E76670,1000010,30,2014-09-02 17:46:40,800
E58659,1000010,30,2014-09-02 17:46:41,150
B61344,1000010,30,2014-09-02 17:46:46,800
B61344,1000010,30,2014-09-02 17:47:36,800
C54670,1000010,30,2014-09-02 17:47:37,1500
B47208,1000010,30,2014-09-02 17:47:42,600
C36647,1000010,30,2014-09-02 17:47:49,800
C54670,1000010,30,2014-09-02 17:47:50,300
A69765,1000010,30,2014-09-02 17:47:50,600
C72662,1000010,30,2014-09-02 17:47:55,800
A63702,1000010,30,2014-09-02 17:48:48,600
E69488,1000010,30,2014-09-02 17:48:59,800
E13530,1000010,30,2014-09-02 17:49:00,1000
B68393,1000010,30,2014-09-02 17:49:02,700
E69488,1000010,30,2014-09-02 17:49:02,300
E13530,1000010,30,2014-09-02 17:49:07,1500
A42957,1000010,30,2014-09-02 17:49:07,100
E57266,1000010,30,2014-09-02 17:50:05,700
D67026,1000010,30,2014-09-02 17:50:19,800
E32082,1000010,30,2014-09-02 17:50:20,150
A55649,1000010,30,2014-09-02 17:50:22,800
B40015,1000010,30,2014-09-02 17:50:26,100
D50085,1000010,30,2014-09-02 17:50:26,800
A65997,1000010,30,2014-09-02 17:50:27,100
E73558,1000010,30,2014-09-02 17:51:28,500
B43774,1000010,30,2014-09-02 17:51:39,700
E73558,1000010,30,2014-09-02 17:51:40,600
A77957,1000010,30,2014-09-02 17:51:41,800
D75460,1000010,30,2014-09-02 17:51:44,800
C25824,1000010,30,2014-09-02 17:51:44,1300
D63315,1000010,30,2014-09-02 17:51:45,150
D76504,1000010,30,2014-09-02 17:51:48,650
C56666,1000010,30,2014-09-02 17:51:49,500
A57694,1000010,30,2014-09-02 17:51:54,800
D75755,1000010,30,2014-09-02 17:51:55,800
C45093,1000010,30,2014-09-02 17:52:50,1000
D65294,1000010,30,2014-09-02 17:52:52,100
A63252,1000010,30,2014-09-02 17:53:00,150
A63252,1000010,30,2014-09-02 17:53:02,550
D75460,1000010,30,2014-09-02 17:53:04,150
D47613,1000010,30,2014-09-02 17:53:09,600
A57694,1000010,30,2014-09-02 17:53:12,150
D71703,1000010,30,2014-09-02 17:53:20,550
A74612,1000010,30,2014-09-02 17:53:23,550
E79256,1000010,30,2014-09-02 17:53:24,550
A49797,1000010,30,2014-09-02 17:53:24,100
D77037,1000010,30,2014-09-02 17:54:23,800
B75867,1000010,30,2014-09-02 17:54:24,700
A78749,1000010,30,2014-09-02 17:54:27,600
E68953,1000010,30,2014-09-02 17:54:36,800
E77721,1000010,30,2014-09-02 17:54:41,700
B78536,1000010,30,2014-09-02 17:55:31,150
B69017,1000010,30,2014-09-02 17:55:33,600
C74658,1000010,30,2014-09-02 17:55:34,800
A67336,1000010,30,2014-09-02 17:55:35,600
E78679,1000010,30,2014-09-02 17:55:40,1000
B75595,1000010,30,2014-09-02 17:55:54,500
A71052,1000010,30,2014-09-02 17:56:43,150
E56514,1000010,30,2014-09-02 17:56:50,1200
A57980,1000010,30,2014-09-02 17:56:51,600
C74121,1000010,30,2014-09-02 17:57:00,1200
A59823,1000010,30,2014-09-02 17:57:04,500
C39241,1000010,30,2014-09-02 17:57:05,600
C62545,1000010,30,2014-09-02 17:57:09,830
A67433,1000010,30,2014-09-02 17:57:10,600
E43756,1000010,30,2014-09-02 17:58:05,150
D44441,1000010,30,2014-09-02 17:58:11,950
E18182,1000010,30,2014-09-02 17:58:13,550
D27085,1000010,30,2014-09-02 17:58:14,550
A61898,1000010,30,2014-09-02 17:58:14,600
C30136,1000010,30,2014-09-02 17:58:18,450
A61898,1000010,30,2014-09-02 17:58:20,150
D67880,1000010,30,2014-09-02 17:58:22,800
B53700,1000010,30,2014-09-02 17:58:29,1000
D75043,1000010,30,2014-09-02 17:59:16,450
C65382,1000010,30,2014-09-02 17:59:16,500
D75043,1000010,30,2014-09-02 17:59:18,100
C72185,1000010,30,2014-09-02 17:59:18,1200
C55210,1000010,30,2014-09-02 17:59:26,600
B38640,1000010,30,2014-09-02 17:59:27,150
D27085,1000010,30,2014-09-02 17:59:27,150
B68634,1000010,30,2014-09-02 17:59:27,650
A75841,1000010,30,2014-09-02 17:59:35,500
B58326,1000010,30,2014-09-02 18:00:44,500
E55519,1000010,30,2014-09-02 18:00:44,800
B54669,1000010,30,2014-09-02 18:00:45,500
B66950,1000010,30,2014-09-02 18:00:48,500
A27022,1000010,30,2014-09-02 18:00:54,1500
E65077,1000010,30,2014-09-02 18:00:55,600
C75944,1000010,30,2014-09-02 18:01:46,600
E69351,1000010,30,2014-09-02 18:01:47,150
E51641,1000010,30,2014-09-02 18:01:56,500
D18427,1000010,30,2014-09-02 18:01:58,400
B55195,1000010,30,2014-09-02 18:02:01,150
E53785,1000010,30,2014-09-02 18:02:08,500
A77257,1000010,30,2014-09-02 18:02:10,550
D42646,1000010,30,2014-09-02 18:03:13,450
E24249,1000010,30,2014-09-02 18:03:15,550
D57906,1000010,30,2014-09-02 18:03:24,500
E28191,1000010,30,2014-09-02 18:04:26,600
A54266,1000010,30,2014-09-02 18:04:33,1200
E67218,1000010,30,2014-09-02 18:04:34,1000
D74511,1000010,30,2014-09-02 18:04:37,700
D54049,1000010,30,2014-09-02 18:04:37,550
B77127,1000010,30,2014-09-02 18:04:42,600
E22956,1000010,30,2014-09-02 18:04:45,600
C72185,1000010,30,2014-09-02 18:05:39,1000
C50828,1000010,30,2014-09-02 18:05:48,1200
E74103,1000010,30,2014-09-02 18:05:48,500
D78676,1000010,30,2014-09-02 18:05:50,600
C59588,1000010,30,2014-09-02 18:05:50,400
A76465,1000010,30,2014-09-02 18:05:50,450
E66228,1000010,30,2014-09-02 18:05:50,800
B76676,1000010,30,2014-09-02 18:05:54,1500
B65663,1000010,30,2014-09-02 18:05:55,500
A43128,1000010,30,2014-09-02 18:05:59,500
E50690,1000010,30,2014-09-02 18:06:02,1000
C76515,1000010,30,2014-09-02 18:06:06,800
D53805,1000010,30,2014-09-02 18:06:06,700
A73293,1000010,30,2014-09-02 18:07:03,600
E75291,1000010,30,2014-09-02 18:07:06,600
B38306,1000010,30,2014-09-02 18:07:08,800
A39763,1000010,30,2014-09-02 18:08:10,900
A74600,1000010,30,2014-09-02 18:08:11,600
A20843,1000010,30,2014-09-02 18:08:14,700
E56939,1000010,30,2014-09-02 18:08:17,100
A52829,1000010,30,2014-09-02 18:08:18,500
C69376,1000010,30,2014-09-02 18:08:19,100
D64364,1000010,30,2014-09-02 18:08:20,600
C38866,1000010,30,2014-09-02 18:08:22,1000
B51416,1000010,30,2014-09-02 18:08:24,600
A64754,1000010,30,2014-09-02 18:08:26,600
B72569,1000010,30,2014-09-02 18:08:32,100
B77576,1000010,30,2014-09-02 18:10:28,600
B77576,1000010,30,2014-09-02 18:10:39,450
A55892,1000010,30,2014-09-02 18:10:39,450
D76662,1000010,30,2014-09-02 18:13:44,700
B21186,1000010,30,2014-09-02 18:14:40,600
C74392,1000010,30,2014-09-02 18:15:38,1000
A26625,1000010,30,2014-09-02 18:15:39,500
B39271,1000010,30,2014-09-02 18:15:43,600
E50044,1000010,30,2014-09-02 18:15:47,700
D47965,1000010,30,2014-09-02 18:15:49,1200
B67342,1000010,30,2014-09-02 18:15:52,800
B76269,1000010,30,2014-09-02 18:15:53,500
E70741,1000010,30,2014-09-02 18:15:56,500
D75300,1000010,30,2014-09-02 18:15:57,600
C58646,1000010,30,2014-09-02 18:16:02,600
E73357,1000010,30,2014-09-02 18:16:04,100
E50044,1000010,30,2014-09-02 18:16:45,100
A48002,1000010,30,2014-09-02 18:16:46,800
D68839,1000010,30,2014-09-02 18:16:55,1200
D73634,1000010,30,2014-09-02 18:16:57,550
C62058,1000010,30,2014-09-02 18:16:57,1200
A48002,1000010,30,2014-09-02 18:17:05,150
C48127,1000010,30,2014-09-02 18:17:54,550
C47595,1000010,30,2014-09-02 18:18:02,800
C40134,1000010,30,2014-09-02 18:18:02,550
C79780,1000010,30,2014-09-02 18:19:10,500
E63200,1000010,30,2014-09-02 18:20:07,200
D62490,1000010,30,2014-09-02 18:20:25,600
B62751,1000010,30,2014-09-02 18:21:15,1500
B62751,1000010,30,2014-09-02 18:21:31,1000
E75918,1000010,30,2014-09-02 18:22:23,500
E75918,1000010,30,2014-09-02 18:22:26,150
D48891,1000010,30,2014-09-02 18:25:34,600
D48891,1000010,30,2014-09-02 18:25:45,100
D48891,1000010,30,2014-09-02 18:25:52,100
C32437,1000010,30,2014-09-02 18:27:57,500
B30513,1000010,30,2014-09-02 18:29:46,1000
E75943,1000010,30,2014-09-02 18:35:58,600
A52717,1000010,30,2014-09-02 18:41:58,500